CREATE TABLE IF NOT EXISTS "auth_group" ("id" integer NOT NULL PRIMARY KEY AUTOINCREMENT, "name" varchar(150) NOT NULL UNIQUE);
CREATE UNIQUE INDEX "auth_group_permissions_group_id_permission_id_0cd325b0_uniq" ON "auth_group_permissions" ("group_id", "permission_id");
CREATE INDEX IF NOT EXISTS "auth_group_permissions_group_id_b120cbf9" ON "auth_group_permissions" ("group_id");
CREATE INDEX IF NOT EXISTS "auth_group_permissions_permission_id_84c5c92e" ON "auth_group_permissions" ("permission_id");
CREATE UNIQUE INDEX "auth_user_groups_user_id_group_id_94350c0c_uniq" ON "auth_user_groups" ("user_id", "group_id");
CREATE INDEX IF NOT EXISTS "auth_user_groups_user_id_6a12ed8b" ON "auth_user_groups" ("user_id");
CREATE INDEX IF NOT EXISTS "auth_user_groups_group_id_97559544" ON "auth_user_groups" ("group_id");
CREATE UNIQUE INDEX "auth_user_user_permissions_user_id_permission_id_14a6b632_uniq" ON "auth_user_user_permissions" ("user_id", "permission_id");
CREATE INDEX IF NOT EXISTS "auth_user_user_permissions_user_id_a95ead1b" ON "auth_user_user_permissions" ("user_id");
CREATE INDEX IF NOT EXISTS "auth_user_user_permissions_permission_id_1fbb5f2c" ON "auth_user_user_permissions" ("permission_id");
CREATE INDEX IF NOT EXISTS "django_admin_log_content_type_id_c4bce8eb" ON "django_admin_log" ("content_type_id");
CREATE INDEX IF NOT EXISTS "django_admin_log_user_id_c564eba6" ON "django_admin_log" ("user_id");
CREATE UNIQUE INDEX "django_content_type_app_label_model_76bd3d3b_uniq" ON "django_content_type" ("app_label", "model");
CREATE UNIQUE INDEX "auth_permission_content_type_id_codename_01ab375a_uniq" ON "auth_permission" ("content_type_id", "codename");
CREATE INDEX IF NOT EXISTS "auth_permission_content_type_id_2f476e4b" ON "auth_permission" ("content_type_id");
CREATE INDEX IF NOT EXISTS "django_session_expire_date_a5c62663" ON "django_session" ("expire_date");
CREATE UNIQUE INDEX "blog_blogpost_category_blogpost_id_category_id_506de749_uniq" ON "blog_blogpost_category" ("blogpost_id", "category_id");
CREATE INDEX IF NOT EXISTS "blog_blogpost_category_blogpost_id_caf5507d" ON "blog_blogpost_category" ("blogpost_id");
CREATE INDEX IF NOT EXISTS "blog_blogpost_category_category_id_eaf33751" ON "blog_blogpost_category" ("category_id");
CREATE UNIQUE INDEX "robots_rule_sites_rule_id_site_id_093f04ea_uniq" ON "robots_rule_sites" ("rule_id", "site_id");
CREATE INDEX IF NOT EXISTS "robots_rule_sites_rule_id_7921a799" ON "robots_rule_sites" ("rule_id");
CREATE INDEX IF NOT EXISTS "robots_rule_sites_site_id_efe5be97" ON "robots_rule_sites" ("site_id");
CREATE UNIQUE INDEX "robots_rule_disallowed_rule_id_url_id_4d9b6222_uniq" ON "robots_rule_disallowed" ("rule_id", "url_id");
CREATE INDEX IF NOT EXISTS "robots_rule_disallowed_rule_id_fad7328c" ON "robots_rule_disallowed" ("rule_id");
CREATE INDEX IF NOT EXISTS "robots_rule_disallowed_url_id_8e02db92" ON "robots_rule_disallowed" ("url_id");
CREATE UNIQUE INDEX "robots_rule_allowed_rule_id_url_id_83b262d4_uniq" ON "robots_rule_allowed" ("rule_id", "url_id");
CREATE INDEX IF NOT EXISTS "robots_rule_allowed_rule_id_aa90358c" ON "robots_rule_allowed" ("rule_id");
CREATE INDEX IF NOT EXISTS "robots_rule_allowed_url_id_6157f60a" ON "robots_rule_allowed" ("url_id");
CREATE INDEX IF NOT EXISTS "taggit_taggeditem_object_id_e2d7d1df" ON "taggit_taggeditem" ("object_id");
CREATE INDEX IF NOT EXISTS "taggit_taggeditem_content_type_id_9957a03c" ON "taggit_taggeditem" ("content_type_id");
CREATE INDEX IF NOT EXISTS "taggit_taggeditem_tag_id_f4f5b767" ON "taggit_taggeditem" ("tag_id");
CREATE INDEX IF NOT EXISTS "taggit_tagg_content_8fc721_idx" ON "taggit_taggeditem" ("content_type_id", "object_id");
CREATE INDEX IF NOT EXISTS "blog_comment_post_id_580e96ef" ON "blog_comment" ("post_id");
CREATE INDEX IF NOT EXISTS "blog_blogpost_author_id_ffcc150f" ON "blog_blogpost" ("author_id");
CREATE TABLE IF NOT EXISTS "auth_group_permissions" ("id" integer NOT NULL PRIMARY KEY AUTOINCREMENT, "group_id" integer NOT NULL REFERENCES "auth_group" ("id") DEFERRABLE INITIALLY DEFERRED, "permission_id" integer NOT NULL REFERENCES "auth_permission" ("id") DEFERRABLE INITIALLY DEFERRED);
CREATE UNIQUE INDEX "auth_group_permissions_group_id_permission_id_0cd325b0_uniq" ON "auth_group_permissions" ("group_id", "permission_id");
CREATE INDEX IF NOT EXISTS "auth_group_permissions_group_id_b120cbf9" ON "auth_group_permissions" ("group_id");
CREATE INDEX IF NOT EXISTS "auth_group_permissions_permission_id_84c5c92e" ON "auth_group_permissions" ("permission_id");
CREATE UNIQUE INDEX "auth_user_groups_user_id_group_id_94350c0c_uniq" ON "auth_user_groups" ("user_id", "group_id");
CREATE INDEX IF NOT EXISTS "auth_user_groups_user_id_6a12ed8b" ON "auth_user_groups" ("user_id");
CREATE INDEX IF NOT EXISTS "auth_user_groups_group_id_97559544" ON "auth_user_groups" ("group_id");
CREATE UNIQUE INDEX "auth_user_user_permissions_user_id_permission_id_14a6b632_uniq" ON "auth_user_user_permissions" ("user_id", "permission_id");
CREATE INDEX IF NOT EXISTS "auth_user_user_permissions_user_id_a95ead1b" ON "auth_user_user_permissions" ("user_id");
CREATE INDEX IF NOT EXISTS "auth_user_user_permissions_permission_id_1fbb5f2c" ON "auth_user_user_permissions" ("permission_id");
CREATE INDEX IF NOT EXISTS "django_admin_log_content_type_id_c4bce8eb" ON "django_admin_log" ("content_type_id");
CREATE INDEX IF NOT EXISTS "django_admin_log_user_id_c564eba6" ON "django_admin_log" ("user_id");
CREATE UNIQUE INDEX "django_content_type_app_label_model_76bd3d3b_uniq" ON "django_content_type" ("app_label", "model");
CREATE UNIQUE INDEX "auth_permission_content_type_id_codename_01ab375a_uniq" ON "auth_permission" ("content_type_id", "codename");
CREATE INDEX IF NOT EXISTS "auth_permission_content_type_id_2f476e4b" ON "auth_permission" ("content_type_id");
CREATE INDEX IF NOT EXISTS "django_session_expire_date_a5c62663" ON "django_session" ("expire_date");
CREATE UNIQUE INDEX "blog_blogpost_category_blogpost_id_category_id_506de749_uniq" ON "blog_blogpost_category" ("blogpost_id", "category_id");
CREATE INDEX IF NOT EXISTS "blog_blogpost_category_blogpost_id_caf5507d" ON "blog_blogpost_category" ("blogpost_id");
CREATE INDEX IF NOT EXISTS "blog_blogpost_category_category_id_eaf33751" ON "blog_blogpost_category" ("category_id");
CREATE UNIQUE INDEX "robots_rule_sites_rule_id_site_id_093f04ea_uniq" ON "robots_rule_sites" ("rule_id", "site_id");
CREATE INDEX IF NOT EXISTS "robots_rule_sites_rule_id_7921a799" ON "robots_rule_sites" ("rule_id");
CREATE INDEX IF NOT EXISTS "robots_rule_sites_site_id_efe5be97" ON "robots_rule_sites" ("site_id");
CREATE UNIQUE INDEX "robots_rule_disallowed_rule_id_url_id_4d9b6222_uniq" ON "robots_rule_disallowed" ("rule_id", "url_id");
CREATE INDEX IF NOT EXISTS "robots_rule_disallowed_rule_id_fad7328c" ON "robots_rule_disallowed" ("rule_id");
CREATE INDEX IF NOT EXISTS "robots_rule_disallowed_url_id_8e02db92" ON "robots_rule_disallowed" ("url_id");
CREATE UNIQUE INDEX "robots_rule_allowed_rule_id_url_id_83b262d4_uniq" ON "robots_rule_allowed" ("rule_id", "url_id");
CREATE INDEX IF NOT EXISTS "robots_rule_allowed_rule_id_aa90358c" ON "robots_rule_allowed" ("rule_id");
CREATE INDEX IF NOT EXISTS "robots_rule_allowed_url_id_6157f60a" ON "robots_rule_allowed" ("url_id");
CREATE INDEX IF NOT EXISTS "taggit_taggeditem_object_id_e2d7d1df" ON "taggit_taggeditem" ("object_id");
CREATE INDEX IF NOT EXISTS "taggit_taggeditem_content_type_id_9957a03c" ON "taggit_taggeditem" ("content_type_id");
CREATE INDEX IF NOT EXISTS "taggit_taggeditem_tag_id_f4f5b767" ON "taggit_taggeditem" ("tag_id");
CREATE INDEX IF NOT EXISTS "taggit_tagg_content_8fc721_idx" ON "taggit_taggeditem" ("content_type_id", "object_id");
CREATE INDEX IF NOT EXISTS "blog_comment_post_id_580e96ef" ON "blog_comment" ("post_id");
CREATE INDEX IF NOT EXISTS "blog_blogpost_author_id_ffcc150f" ON "blog_blogpost" ("author_id");
CREATE TABLE IF NOT EXISTS "auth_permission" ("id" integer NOT NULL PRIMARY KEY AUTOINCREMENT, "content_type_id" integer NOT NULL REFERENCES "django_content_type" ("id") DEFERRABLE INITIALLY DEFERRED, "codename" varchar(100) NOT NULL, "name" varchar(255) NOT NULL);
INSERT INTO "auth_permission" VALUES(1,1,'add_logentry','Can add log entry');
INSERT INTO "auth_permission" VALUES(2,1,'change_logentry','Can change log entry');
INSERT INTO "auth_permission" VALUES(3,1,'delete_logentry','Can delete log entry');
INSERT INTO "auth_permission" VALUES(4,1,'view_logentry','Can view log entry');
INSERT INTO "auth_permission" VALUES(5,2,'add_permission','Can add permission');
INSERT INTO "auth_permission" VALUES(6,2,'change_permission','Can change permission');
INSERT INTO "auth_permission" VALUES(7,2,'delete_permission','Can delete permission');
INSERT INTO "auth_permission" VALUES(8,2,'view_permission','Can view permission');
INSERT INTO "auth_permission" VALUES(9,3,'add_group','Can add group');
INSERT INTO "auth_permission" VALUES(10,3,'change_group','Can change group');
INSERT INTO "auth_permission" VALUES(11,3,'delete_group','Can delete group');
INSERT INTO "auth_permission" VALUES(12,3,'view_group','Can view group');
INSERT INTO "auth_permission" VALUES(13,4,'add_user','Can add user');
INSERT INTO "auth_permission" VALUES(14,4,'change_user','Can change user');
INSERT INTO "auth_permission" VALUES(15,4,'delete_user','Can delete user');
INSERT INTO "auth_permission" VALUES(16,4,'view_user','Can view user');
INSERT INTO "auth_permission" VALUES(17,5,'add_contenttype','Can add content type');
INSERT INTO "auth_permission" VALUES(18,5,'change_contenttype','Can change content type');
INSERT INTO "auth_permission" VALUES(19,5,'delete_contenttype','Can delete content type');
INSERT INTO "auth_permission" VALUES(20,5,'view_contenttype','Can view content type');
INSERT INTO "auth_permission" VALUES(21,6,'add_session','Can add session');
INSERT INTO "auth_permission" VALUES(22,6,'change_session','Can change session');
INSERT INTO "auth_permission" VALUES(23,6,'delete_session','Can delete session');
INSERT INTO "auth_permission" VALUES(24,6,'view_session','Can view session');
INSERT INTO "auth_permission" VALUES(25,7,'add_blogpost','Can add blog post');
INSERT INTO "auth_permission" VALUES(26,7,'change_blogpost','Can change blog post');
INSERT INTO "auth_permission" VALUES(27,7,'delete_blogpost','Can delete blog post');
INSERT INTO "auth_permission" VALUES(28,7,'view_blogpost','Can view blog post');
INSERT INTO "auth_permission" VALUES(29,8,'add_contact','Can add contact');
INSERT INTO "auth_permission" VALUES(30,8,'change_contact','Can change contact');
INSERT INTO "auth_permission" VALUES(31,8,'delete_contact','Can delete contact');
INSERT INTO "auth_permission" VALUES(32,8,'view_contact','Can view contact');
INSERT INTO "auth_permission" VALUES(33,9,'add_blogpost','Can add blog post');
INSERT INTO "auth_permission" VALUES(34,9,'change_blogpost','Can change blog post');
INSERT INTO "auth_permission" VALUES(35,9,'delete_blogpost','Can delete blog post');
INSERT INTO "auth_permission" VALUES(36,9,'view_blogpost','Can view blog post');
INSERT INTO "auth_permission" VALUES(37,10,'add_category','Can add category');
INSERT INTO "auth_permission" VALUES(38,10,'change_category','Can change category');
INSERT INTO "auth_permission" VALUES(39,10,'delete_category','Can delete category');
INSERT INTO "auth_permission" VALUES(40,10,'view_category','Can view category');
INSERT INTO "auth_permission" VALUES(41,11,'add_newsletter','Can add news letter');
INSERT INTO "auth_permission" VALUES(42,11,'change_newsletter','Can change news letter');
INSERT INTO "auth_permission" VALUES(43,11,'delete_newsletter','Can delete news letter');
INSERT INTO "auth_permission" VALUES(44,11,'view_newsletter','Can view news letter');
INSERT INTO "auth_permission" VALUES(45,12,'add_site','Can add site');
INSERT INTO "auth_permission" VALUES(46,12,'change_site','Can change site');
INSERT INTO "auth_permission" VALUES(47,12,'delete_site','Can delete site');
INSERT INTO "auth_permission" VALUES(48,12,'view_site','Can view site');
INSERT INTO "auth_permission" VALUES(49,13,'add_rule','Can add rule');
INSERT INTO "auth_permission" VALUES(50,13,'change_rule','Can change rule');
INSERT INTO "auth_permission" VALUES(51,13,'delete_rule','Can delete rule');
INSERT INTO "auth_permission" VALUES(52,13,'view_rule','Can view rule');
INSERT INTO "auth_permission" VALUES(53,14,'add_url','Can add url');
INSERT INTO "auth_permission" VALUES(54,14,'change_url','Can change url');
INSERT INTO "auth_permission" VALUES(55,14,'delete_url','Can delete url');
INSERT INTO "auth_permission" VALUES(56,14,'view_url','Can view url');
INSERT INTO "auth_permission" VALUES(57,15,'add_tag','Can add tag');
INSERT INTO "auth_permission" VALUES(58,15,'change_tag','Can change tag');
INSERT INTO "auth_permission" VALUES(59,15,'delete_tag','Can delete tag');
INSERT INTO "auth_permission" VALUES(60,15,'view_tag','Can view tag');
INSERT INTO "auth_permission" VALUES(61,16,'add_taggeditem','Can add tagged item');
INSERT INTO "auth_permission" VALUES(62,16,'change_taggeditem','Can change tagged item');
INSERT INTO "auth_permission" VALUES(63,16,'delete_taggeditem','Can delete tagged item');
INSERT INTO "auth_permission" VALUES(64,16,'view_taggeditem','Can view tagged item');
INSERT INTO "auth_permission" VALUES(65,17,'add_attachment','Can add attachment');
INSERT INTO "auth_permission" VALUES(66,17,'change_attachment','Can change attachment');
INSERT INTO "auth_permission" VALUES(67,17,'delete_attachment','Can delete attachment');
INSERT INTO "auth_permission" VALUES(68,17,'view_attachment','Can view attachment');
INSERT INTO "auth_permission" VALUES(69,18,'add_captchastore','Can add captcha store');
INSERT INTO "auth_permission" VALUES(70,18,'change_captchastore','Can change captcha store');
INSERT INTO "auth_permission" VALUES(71,18,'delete_captchastore','Can delete captcha store');
INSERT INTO "auth_permission" VALUES(72,18,'view_captchastore','Can view captcha store');
INSERT INTO "auth_permission" VALUES(73,19,'add_comment','Can add comment');
INSERT INTO "auth_permission" VALUES(74,19,'change_comment','Can change comment');
INSERT INTO "auth_permission" VALUES(75,19,'delete_comment','Can delete comment');
INSERT INTO "auth_permission" VALUES(76,19,'view_comment','Can view comment');
CREATE UNIQUE INDEX "auth_group_permissions_group_id_permission_id_0cd325b0_uniq" ON "auth_group_permissions" ("group_id", "permission_id");
CREATE INDEX IF NOT EXISTS "auth_group_permissions_group_id_b120cbf9" ON "auth_group_permissions" ("group_id");
CREATE INDEX IF NOT EXISTS "auth_group_permissions_permission_id_84c5c92e" ON "auth_group_permissions" ("permission_id");
CREATE UNIQUE INDEX "auth_user_groups_user_id_group_id_94350c0c_uniq" ON "auth_user_groups" ("user_id", "group_id");
CREATE INDEX IF NOT EXISTS "auth_user_groups_user_id_6a12ed8b" ON "auth_user_groups" ("user_id");
CREATE INDEX IF NOT EXISTS "auth_user_groups_group_id_97559544" ON "auth_user_groups" ("group_id");
CREATE UNIQUE INDEX "auth_user_user_permissions_user_id_permission_id_14a6b632_uniq" ON "auth_user_user_permissions" ("user_id", "permission_id");
CREATE INDEX IF NOT EXISTS "auth_user_user_permissions_user_id_a95ead1b" ON "auth_user_user_permissions" ("user_id");
CREATE INDEX IF NOT EXISTS "auth_user_user_permissions_permission_id_1fbb5f2c" ON "auth_user_user_permissions" ("permission_id");
CREATE INDEX IF NOT EXISTS "django_admin_log_content_type_id_c4bce8eb" ON "django_admin_log" ("content_type_id");
CREATE INDEX IF NOT EXISTS "django_admin_log_user_id_c564eba6" ON "django_admin_log" ("user_id");
CREATE UNIQUE INDEX "django_content_type_app_label_model_76bd3d3b_uniq" ON "django_content_type" ("app_label", "model");
CREATE UNIQUE INDEX "auth_permission_content_type_id_codename_01ab375a_uniq" ON "auth_permission" ("content_type_id", "codename");
CREATE INDEX IF NOT EXISTS "auth_permission_content_type_id_2f476e4b" ON "auth_permission" ("content_type_id");
CREATE INDEX IF NOT EXISTS "django_session_expire_date_a5c62663" ON "django_session" ("expire_date");
CREATE UNIQUE INDEX "blog_blogpost_category_blogpost_id_category_id_506de749_uniq" ON "blog_blogpost_category" ("blogpost_id", "category_id");
CREATE INDEX IF NOT EXISTS "blog_blogpost_category_blogpost_id_caf5507d" ON "blog_blogpost_category" ("blogpost_id");
CREATE INDEX IF NOT EXISTS "blog_blogpost_category_category_id_eaf33751" ON "blog_blogpost_category" ("category_id");
CREATE UNIQUE INDEX "robots_rule_sites_rule_id_site_id_093f04ea_uniq" ON "robots_rule_sites" ("rule_id", "site_id");
CREATE INDEX IF NOT EXISTS "robots_rule_sites_rule_id_7921a799" ON "robots_rule_sites" ("rule_id");
CREATE INDEX IF NOT EXISTS "robots_rule_sites_site_id_efe5be97" ON "robots_rule_sites" ("site_id");
CREATE UNIQUE INDEX "robots_rule_disallowed_rule_id_url_id_4d9b6222_uniq" ON "robots_rule_disallowed" ("rule_id", "url_id");
CREATE INDEX IF NOT EXISTS "robots_rule_disallowed_rule_id_fad7328c" ON "robots_rule_disallowed" ("rule_id");
CREATE INDEX IF NOT EXISTS "robots_rule_disallowed_url_id_8e02db92" ON "robots_rule_disallowed" ("url_id");
CREATE UNIQUE INDEX "robots_rule_allowed_rule_id_url_id_83b262d4_uniq" ON "robots_rule_allowed" ("rule_id", "url_id");
CREATE INDEX IF NOT EXISTS "robots_rule_allowed_rule_id_aa90358c" ON "robots_rule_allowed" ("rule_id");
CREATE INDEX IF NOT EXISTS "robots_rule_allowed_url_id_6157f60a" ON "robots_rule_allowed" ("url_id");
CREATE INDEX IF NOT EXISTS "taggit_taggeditem_object_id_e2d7d1df" ON "taggit_taggeditem" ("object_id");
CREATE INDEX IF NOT EXISTS "taggit_taggeditem_content_type_id_9957a03c" ON "taggit_taggeditem" ("content_type_id");
CREATE INDEX IF NOT EXISTS "taggit_taggeditem_tag_id_f4f5b767" ON "taggit_taggeditem" ("tag_id");
CREATE INDEX IF NOT EXISTS "taggit_tagg_content_8fc721_idx" ON "taggit_taggeditem" ("content_type_id", "object_id");
CREATE INDEX IF NOT EXISTS "blog_comment_post_id_580e96ef" ON "blog_comment" ("post_id");
CREATE INDEX IF NOT EXISTS "blog_blogpost_author_id_ffcc150f" ON "blog_blogpost" ("author_id");
CREATE TABLE IF NOT EXISTS "auth_user" ("id" integer NOT NULL PRIMARY KEY AUTOINCREMENT, "password" varchar(128) NOT NULL, "last_login" datetime NULL, "is_superuser" bool NOT NULL, "username" varchar(150) NOT NULL UNIQUE, "last_name" varchar(150) NOT NULL, "email" varchar(254) NOT NULL, "is_staff" bool NOT NULL, "is_active" bool NOT NULL, "date_joined" datetime NOT NULL, "first_name" varchar(150) NOT NULL);
INSERT INTO "auth_user" VALUES(1,'pbkdf2_sha256$720000$C16QN8K2iIWOvq6WSlDCxo$Jn3Nr6chSEQa7e23yGdXP4OlVLEBvoJy8BgUgAA+lzQ=','2024-08-16 00:06:24.926631',1,'erfan','Razavi','erfan6235@gmail.com',1,1,'2024-07-24 13:25:51','Erfan');
INSERT INTO "auth_user" VALUES(4,'pbkdf2_sha256$720000$5ddMxdybpIdesczt7N2JvI$3hPJ7cw1v1gFZ8wAJlhAYqRcLe8h4ZKdWr8KXCKRSXw=','2024-08-15 22:46:15.382995',1,'a','','',1,1,'2024-08-12 18:14:05.611557','');
INSERT INTO "auth_user" VALUES(12,'pbkdf2_sha256$720000$k0FhkzMkWVyh8Vtw0iwRXC$EMHvLeC4SkI3jJk0div1cQweJGshXf3kpYjJNeir7I4=',NULL,0,'e','','',0,1,'2024-08-15 22:47:37.289287','');
INSERT INTO "auth_user" VALUES(13,'pbkdf2_sha256$720000$amc8HMsXtDeDFVqQUt1QcV$qbdUEM4Z3QkbZqw3T6jFz8/vPdNvG5bH7oeHtlKdpzs=','2024-08-15 22:58:58.610080',0,'ghazal','','ghazal@gmail.com',0,1,'2024-08-15 22:58:02.803967','');
INSERT INTO "auth_user" VALUES(14,'pbkdf2_sha256$720000$HB6An6K1VCwihVE3mE94br$FoQ7Rl+w2rhXPqAFYTgABYLVRRbikfMp3EMyLRBopAM=','2024-08-15 23:58:13.325145',0,'ava','','ava@gmail.com',1,1,'2024-08-15 23:42:39','');
INSERT INTO "auth_user" VALUES(15,'pbkdf2_sha256$720000$iX4SpbVzJh4zKl1kTUFFsa$c+a0peom4mWvhRSQE26RhgzNoiR2PhF23SzYXVpEIbM=',NULL,0,'testuser','','test@example.com',0,1,'2024-08-16 00:08:39.061240','');
INSERT INTO "auth_user" VALUES(16,'pbkdf2_sha256$720000$MndKf08VzDr0xHW3Qv6Ny6$KOUtsKU5W1HJvaK2Uz+i2S9CrnqbzlyLIZxNBMgTN1s=','2024-08-16 00:16:28.272885',0,'mohsen','','mohsen@gmail.com',0,1,'2024-08-16 00:11:41.394377','');
CREATE UNIQUE INDEX "auth_group_permissions_group_id_permission_id_0cd325b0_uniq" ON "auth_group_permissions" ("group_id", "permission_id");
CREATE INDEX IF NOT EXISTS "auth_group_permissions_group_id_b120cbf9" ON "auth_group_permissions" ("group_id");
CREATE INDEX IF NOT EXISTS "auth_group_permissions_permission_id_84c5c92e" ON "auth_group_permissions" ("permission_id");
CREATE UNIQUE INDEX "auth_user_groups_user_id_group_id_94350c0c_uniq" ON "auth_user_groups" ("user_id", "group_id");
CREATE INDEX IF NOT EXISTS "auth_user_groups_user_id_6a12ed8b" ON "auth_user_groups" ("user_id");
CREATE INDEX IF NOT EXISTS "auth_user_groups_group_id_97559544" ON "auth_user_groups" ("group_id");
CREATE UNIQUE INDEX "auth_user_user_permissions_user_id_permission_id_14a6b632_uniq" ON "auth_user_user_permissions" ("user_id", "permission_id");
CREATE INDEX IF NOT EXISTS "auth_user_user_permissions_user_id_a95ead1b" ON "auth_user_user_permissions" ("user_id");
CREATE INDEX IF NOT EXISTS "auth_user_user_permissions_permission_id_1fbb5f2c" ON "auth_user_user_permissions" ("permission_id");
CREATE INDEX IF NOT EXISTS "django_admin_log_content_type_id_c4bce8eb" ON "django_admin_log" ("content_type_id");
CREATE INDEX IF NOT EXISTS "django_admin_log_user_id_c564eba6" ON "django_admin_log" ("user_id");
CREATE UNIQUE INDEX "django_content_type_app_label_model_76bd3d3b_uniq" ON "django_content_type" ("app_label", "model");
CREATE UNIQUE INDEX "auth_permission_content_type_id_codename_01ab375a_uniq" ON "auth_permission" ("content_type_id", "codename");
CREATE INDEX IF NOT EXISTS "auth_permission_content_type_id_2f476e4b" ON "auth_permission" ("content_type_id");
CREATE INDEX IF NOT EXISTS "django_session_expire_date_a5c62663" ON "django_session" ("expire_date");
CREATE UNIQUE INDEX "blog_blogpost_category_blogpost_id_category_id_506de749_uniq" ON "blog_blogpost_category" ("blogpost_id", "category_id");
CREATE INDEX IF NOT EXISTS "blog_blogpost_category_blogpost_id_caf5507d" ON "blog_blogpost_category" ("blogpost_id");
CREATE INDEX IF NOT EXISTS "blog_blogpost_category_category_id_eaf33751" ON "blog_blogpost_category" ("category_id");
CREATE UNIQUE INDEX "robots_rule_sites_rule_id_site_id_093f04ea_uniq" ON "robots_rule_sites" ("rule_id", "site_id");
CREATE INDEX IF NOT EXISTS "robots_rule_sites_rule_id_7921a799" ON "robots_rule_sites" ("rule_id");
CREATE INDEX IF NOT EXISTS "robots_rule_sites_site_id_efe5be97" ON "robots_rule_sites" ("site_id");
CREATE UNIQUE INDEX "robots_rule_disallowed_rule_id_url_id_4d9b6222_uniq" ON "robots_rule_disallowed" ("rule_id", "url_id");
CREATE INDEX IF NOT EXISTS "robots_rule_disallowed_rule_id_fad7328c" ON "robots_rule_disallowed" ("rule_id");
CREATE INDEX IF NOT EXISTS "robots_rule_disallowed_url_id_8e02db92" ON "robots_rule_disallowed" ("url_id");
CREATE UNIQUE INDEX "robots_rule_allowed_rule_id_url_id_83b262d4_uniq" ON "robots_rule_allowed" ("rule_id", "url_id");
CREATE INDEX IF NOT EXISTS "robots_rule_allowed_rule_id_aa90358c" ON "robots_rule_allowed" ("rule_id");
CREATE INDEX IF NOT EXISTS "robots_rule_allowed_url_id_6157f60a" ON "robots_rule_allowed" ("url_id");
CREATE INDEX IF NOT EXISTS "taggit_taggeditem_object_id_e2d7d1df" ON "taggit_taggeditem" ("object_id");
CREATE INDEX IF NOT EXISTS "taggit_taggeditem_content_type_id_9957a03c" ON "taggit_taggeditem" ("content_type_id");
CREATE INDEX IF NOT EXISTS "taggit_taggeditem_tag_id_f4f5b767" ON "taggit_taggeditem" ("tag_id");
CREATE INDEX IF NOT EXISTS "taggit_tagg_content_8fc721_idx" ON "taggit_taggeditem" ("content_type_id", "object_id");
CREATE INDEX IF NOT EXISTS "blog_comment_post_id_580e96ef" ON "blog_comment" ("post_id");
CREATE INDEX IF NOT EXISTS "blog_blogpost_author_id_ffcc150f" ON "blog_blogpost" ("author_id");
CREATE TABLE IF NOT EXISTS "auth_user_groups" ("id" integer NOT NULL PRIMARY KEY AUTOINCREMENT, "user_id" integer NOT NULL REFERENCES "auth_user" ("id") DEFERRABLE INITIALLY DEFERRED, "group_id" integer NOT NULL REFERENCES "auth_group" ("id") DEFERRABLE INITIALLY DEFERRED);
CREATE UNIQUE INDEX "auth_group_permissions_group_id_permission_id_0cd325b0_uniq" ON "auth_group_permissions" ("group_id", "permission_id");
CREATE INDEX IF NOT EXISTS "auth_group_permissions_group_id_b120cbf9" ON "auth_group_permissions" ("group_id");
CREATE INDEX IF NOT EXISTS "auth_group_permissions_permission_id_84c5c92e" ON "auth_group_permissions" ("permission_id");
CREATE UNIQUE INDEX "auth_user_groups_user_id_group_id_94350c0c_uniq" ON "auth_user_groups" ("user_id", "group_id");
CREATE INDEX IF NOT EXISTS "auth_user_groups_user_id_6a12ed8b" ON "auth_user_groups" ("user_id");
CREATE INDEX IF NOT EXISTS "auth_user_groups_group_id_97559544" ON "auth_user_groups" ("group_id");
CREATE UNIQUE INDEX "auth_user_user_permissions_user_id_permission_id_14a6b632_uniq" ON "auth_user_user_permissions" ("user_id", "permission_id");
CREATE INDEX IF NOT EXISTS "auth_user_user_permissions_user_id_a95ead1b" ON "auth_user_user_permissions" ("user_id");
CREATE INDEX IF NOT EXISTS "auth_user_user_permissions_permission_id_1fbb5f2c" ON "auth_user_user_permissions" ("permission_id");
CREATE INDEX IF NOT EXISTS "django_admin_log_content_type_id_c4bce8eb" ON "django_admin_log" ("content_type_id");
CREATE INDEX IF NOT EXISTS "django_admin_log_user_id_c564eba6" ON "django_admin_log" ("user_id");
CREATE UNIQUE INDEX "django_content_type_app_label_model_76bd3d3b_uniq" ON "django_content_type" ("app_label", "model");
CREATE UNIQUE INDEX "auth_permission_content_type_id_codename_01ab375a_uniq" ON "auth_permission" ("content_type_id", "codename");
CREATE INDEX IF NOT EXISTS "auth_permission_content_type_id_2f476e4b" ON "auth_permission" ("content_type_id");
CREATE INDEX IF NOT EXISTS "django_session_expire_date_a5c62663" ON "django_session" ("expire_date");
CREATE UNIQUE INDEX "blog_blogpost_category_blogpost_id_category_id_506de749_uniq" ON "blog_blogpost_category" ("blogpost_id", "category_id");
CREATE INDEX IF NOT EXISTS "blog_blogpost_category_blogpost_id_caf5507d" ON "blog_blogpost_category" ("blogpost_id");
CREATE INDEX IF NOT EXISTS "blog_blogpost_category_category_id_eaf33751" ON "blog_blogpost_category" ("category_id");
CREATE UNIQUE INDEX "robots_rule_sites_rule_id_site_id_093f04ea_uniq" ON "robots_rule_sites" ("rule_id", "site_id");
CREATE INDEX IF NOT EXISTS "robots_rule_sites_rule_id_7921a799" ON "robots_rule_sites" ("rule_id");
CREATE INDEX IF NOT EXISTS "robots_rule_sites_site_id_efe5be97" ON "robots_rule_sites" ("site_id");
CREATE UNIQUE INDEX "robots_rule_disallowed_rule_id_url_id_4d9b6222_uniq" ON "robots_rule_disallowed" ("rule_id", "url_id");
CREATE INDEX IF NOT EXISTS "robots_rule_disallowed_rule_id_fad7328c" ON "robots_rule_disallowed" ("rule_id");
CREATE INDEX IF NOT EXISTS "robots_rule_disallowed_url_id_8e02db92" ON "robots_rule_disallowed" ("url_id");
CREATE UNIQUE INDEX "robots_rule_allowed_rule_id_url_id_83b262d4_uniq" ON "robots_rule_allowed" ("rule_id", "url_id");
CREATE INDEX IF NOT EXISTS "robots_rule_allowed_rule_id_aa90358c" ON "robots_rule_allowed" ("rule_id");
CREATE INDEX IF NOT EXISTS "robots_rule_allowed_url_id_6157f60a" ON "robots_rule_allowed" ("url_id");
CREATE INDEX IF NOT EXISTS "taggit_taggeditem_object_id_e2d7d1df" ON "taggit_taggeditem" ("object_id");
CREATE INDEX IF NOT EXISTS "taggit_taggeditem_content_type_id_9957a03c" ON "taggit_taggeditem" ("content_type_id");
CREATE INDEX IF NOT EXISTS "taggit_taggeditem_tag_id_f4f5b767" ON "taggit_taggeditem" ("tag_id");
CREATE INDEX IF NOT EXISTS "taggit_tagg_content_8fc721_idx" ON "taggit_taggeditem" ("content_type_id", "object_id");
CREATE INDEX IF NOT EXISTS "blog_comment_post_id_580e96ef" ON "blog_comment" ("post_id");
CREATE INDEX IF NOT EXISTS "blog_blogpost_author_id_ffcc150f" ON "blog_blogpost" ("author_id");
CREATE TABLE IF NOT EXISTS "auth_user_user_permissions" ("id" integer NOT NULL PRIMARY KEY AUTOINCREMENT, "user_id" integer NOT NULL REFERENCES "auth_user" ("id") DEFERRABLE INITIALLY DEFERRED, "permission_id" integer NOT NULL REFERENCES "auth_permission" ("id") DEFERRABLE INITIALLY DEFERRED);
CREATE UNIQUE INDEX "auth_group_permissions_group_id_permission_id_0cd325b0_uniq" ON "auth_group_permissions" ("group_id", "permission_id");
CREATE INDEX IF NOT EXISTS "auth_group_permissions_group_id_b120cbf9" ON "auth_group_permissions" ("group_id");
CREATE INDEX IF NOT EXISTS "auth_group_permissions_permission_id_84c5c92e" ON "auth_group_permissions" ("permission_id");
CREATE UNIQUE INDEX "auth_user_groups_user_id_group_id_94350c0c_uniq" ON "auth_user_groups" ("user_id", "group_id");
CREATE INDEX IF NOT EXISTS "auth_user_groups_user_id_6a12ed8b" ON "auth_user_groups" ("user_id");
CREATE INDEX IF NOT EXISTS "auth_user_groups_group_id_97559544" ON "auth_user_groups" ("group_id");
CREATE UNIQUE INDEX "auth_user_user_permissions_user_id_permission_id_14a6b632_uniq" ON "auth_user_user_permissions" ("user_id", "permission_id");
CREATE INDEX IF NOT EXISTS "auth_user_user_permissions_user_id_a95ead1b" ON "auth_user_user_permissions" ("user_id");
CREATE INDEX IF NOT EXISTS "auth_user_user_permissions_permission_id_1fbb5f2c" ON "auth_user_user_permissions" ("permission_id");
CREATE INDEX IF NOT EXISTS "django_admin_log_content_type_id_c4bce8eb" ON "django_admin_log" ("content_type_id");
CREATE INDEX IF NOT EXISTS "django_admin_log_user_id_c564eba6" ON "django_admin_log" ("user_id");
CREATE UNIQUE INDEX "django_content_type_app_label_model_76bd3d3b_uniq" ON "django_content_type" ("app_label", "model");
CREATE UNIQUE INDEX "auth_permission_content_type_id_codename_01ab375a_uniq" ON "auth_permission" ("content_type_id", "codename");
CREATE INDEX IF NOT EXISTS "auth_permission_content_type_id_2f476e4b" ON "auth_permission" ("content_type_id");
CREATE INDEX IF NOT EXISTS "django_session_expire_date_a5c62663" ON "django_session" ("expire_date");
CREATE UNIQUE INDEX "blog_blogpost_category_blogpost_id_category_id_506de749_uniq" ON "blog_blogpost_category" ("blogpost_id", "category_id");
CREATE INDEX IF NOT EXISTS "blog_blogpost_category_blogpost_id_caf5507d" ON "blog_blogpost_category" ("blogpost_id");
CREATE INDEX IF NOT EXISTS "blog_blogpost_category_category_id_eaf33751" ON "blog_blogpost_category" ("category_id");
CREATE UNIQUE INDEX "robots_rule_sites_rule_id_site_id_093f04ea_uniq" ON "robots_rule_sites" ("rule_id", "site_id");
CREATE INDEX IF NOT EXISTS "robots_rule_sites_rule_id_7921a799" ON "robots_rule_sites" ("rule_id");
CREATE INDEX IF NOT EXISTS "robots_rule_sites_site_id_efe5be97" ON "robots_rule_sites" ("site_id");
CREATE UNIQUE INDEX "robots_rule_disallowed_rule_id_url_id_4d9b6222_uniq" ON "robots_rule_disallowed" ("rule_id", "url_id");
CREATE INDEX IF NOT EXISTS "robots_rule_disallowed_rule_id_fad7328c" ON "robots_rule_disallowed" ("rule_id");
CREATE INDEX IF NOT EXISTS "robots_rule_disallowed_url_id_8e02db92" ON "robots_rule_disallowed" ("url_id");
CREATE UNIQUE INDEX "robots_rule_allowed_rule_id_url_id_83b262d4_uniq" ON "robots_rule_allowed" ("rule_id", "url_id");
CREATE INDEX IF NOT EXISTS "robots_rule_allowed_rule_id_aa90358c" ON "robots_rule_allowed" ("rule_id");
CREATE INDEX IF NOT EXISTS "robots_rule_allowed_url_id_6157f60a" ON "robots_rule_allowed" ("url_id");
CREATE INDEX IF NOT EXISTS "taggit_taggeditem_object_id_e2d7d1df" ON "taggit_taggeditem" ("object_id");
CREATE INDEX IF NOT EXISTS "taggit_taggeditem_content_type_id_9957a03c" ON "taggit_taggeditem" ("content_type_id");
CREATE INDEX IF NOT EXISTS "taggit_taggeditem_tag_id_f4f5b767" ON "taggit_taggeditem" ("tag_id");
CREATE INDEX IF NOT EXISTS "taggit_tagg_content_8fc721_idx" ON "taggit_taggeditem" ("content_type_id", "object_id");
CREATE INDEX IF NOT EXISTS "blog_comment_post_id_580e96ef" ON "blog_comment" ("post_id");
CREATE INDEX IF NOT EXISTS "blog_blogpost_author_id_ffcc150f" ON "blog_blogpost" ("author_id");
CREATE TABLE IF NOT EXISTS "blog_blogpost" ("id" integer NOT NULL PRIMARY KEY AUTOINCREMENT, "title" varchar(100) NOT NULL, "content" text NOT NULL, "counted_view" integer NOT NULL, "status" bool NOT NULL, "create_date" datetime NOT NULL, "updated_date" datetime NOT NULL, "published_date" datetime NULL, "author_id" integer NULL REFERENCES "auth_user" ("id") DEFERRABLE INITIALLY DEFERRED, "image_filed" varchar(100) NOT NULL, "login_require" bool NOT NULL);
INSERT INTO "blog_blogpost" VALUES(1,'Acrobatic','how to learn about this title and subject...',2,1,'2024-07-24 16:54:07.114528','2024-08-09 20:06:07.614954','2024-07-24 16:54:05',1,'blog/photo_۲۰۲۱-۱۲-۱۹_۱۸-۵۵-۴۹.jpg',0);
INSERT INTO "blog_blogpost" VALUES(2,'football','the football is the best of Lorem ipsum dolor sit amet, consectetur adipiscing elit, sed do eiusmod tempor incididunt ut labore et dolore magna aliqua. Ut enim ad minim veniam, quis nostrud exercitation ullamco laboris nisi ut aliquip ex ea commodoLorem ipsum dolor sit amet, consectetur adipiscing elit, sed do eiusmod tempor incididunt ut labore et dolore magna aliqua. Ut enim ad minim veniam, quis nostrud exercitation ullamco laboris nisi ut aliquip ex ea commodoLorem ipsum dolor sit amet, consectetur adipiscing elit, sed do eiusmod tempor incididunt ut labore et dolore magna aliqua. Ut enim ad minim veniam, quis nostrud exercitation ullamco laboris nisi ut aliquip ex ea commodoLorem ipsum dolor sit amet, consectetur adipiscing elit, sed do eiusmod tempor incididunt ut labore et dolore magna aliqua. Ut enim ad minim veniam, quis nostrud exercitation ullamco laboris nisi ut aliquip ex ea commodoLorem ipsum dolor sit amet, consectetur adipiscing elit, sed do eiusmod tempor incididunt ut labore et dolore magna aliqua. Ut enim ad minim veniam, quis nostrud exercitation ullamco laboris nisi ut aliquip ex ea commodoLorem ipsum dolor sit amet, consectetur adipiscing elit, sed do eiusmod tempor incididunt ut labore et dolore magna aliqua. Ut enim ad minim veniam, quis nostrud exercitation ullamco laboris nisi ut aliquip ex ea commodoLorem ipsum dolor sit amet, consectetur adipiscing elit, sed do eiusmod tempor incididunt ut labore et dolore magna aliqua. Ut enim ad minim veniam, quis nostrud exercitation ullamco laboris nisi ut aliquip ex ea commodoLorem ipsum dolor sit amet, consectetur adipiscing elit, sed do eiusmod tempor incididunt ut labore et dolore magna aliqua. Ut enim ad minim veniam, quis nostrud exercitation ullamco laboris nisi ut aliquip ex ea commodoLorem ipsum dolor sit amet, consectetur adipiscing elit, sed do eiusmod tempor incididunt ut labore et dolore magna aliqua. Ut enim ad minim veniam, quis nostrud exercitation ullamco laboris nisi ut aliquip ex ea commodoLorem ipsum dolor sit amet, consectetur adipiscing elit, sed do eiusmod tempor incididunt ut labore et dolore magna aliqua. Ut enim ad minim veniam, quis nostrud exercitation ullamco laboris nisi ut aliquip ex ea commodoLorem ipsum dolor sit amet, consectetur adipiscing elit, sed do eiusmod tempor incididunt ut labore et dolore magna aliqua. Ut enim ad minim veniam, quis nostrud exercitation ullamco laboris nisi ut aliquip ex ea commodoLorem ipsum dolor sit amet, consectetur adipiscing elit, sed do eiusmod tempor incididunt ut labore et dolore magna aliqua. Ut enim ad minim veniam, quis nostrud exercitation ullamco laboris nisi ut aliquip ex ea commodoLorem ipsum dolor sit amet, consectetur adipiscing elit, sed do eiusmod tempor incididunt ut labore et dolore magna aliqua. Ut enim ad minim veniam, quis nostrud exercitation ullamco laboris nisi ut aliquip ex ea commodoLorem ipsum dolor sit amet, consectetur adipiscing elit, sed do eiusmod tempor incididunt ut labore et dolore magna aliqua. Ut enim ad minim veniam, quis nostrud exercitation ullamco laboris nisi ut aliquip ex ea commodoLorem ipsum dolor sit amet, consectetur adipiscing elit, sed do eiusmod tempor incididunt ut labore et dolore magna aliqua. Ut enim ad minim veniam, quis nostrud exercitation ullamco laboris nisi ut aliquip ex ea commodoLorem ipsum dolor sit amet, consectetur adipiscing elit, sed do eiusmod tempor incididunt ut labore et dolore magna aliqua. Ut enim ad minim veniam, quis nostrud exercitation ullamco laboris nisi ut aliquip ex ea commodoLorem ipsum dolor sit amet, consectetur adipiscing elit, sed do eiusmod tempor incididunt ut labore et dolore magna aliqua. Ut enim ad minim veniam, quis nostrud exercitation ullamco laboris nisi ut aliquip ex ea commodoLorem ipsum dolor sit amet, consectetur adipiscing elit, sed do eiusmod tempor incididunt ut labore et dolore magna aliqua. Ut enim ad minim veniam, quis nostrud exercitation ullamco laboris nisi ut aliquip ex ea commodoLorem ipsum dolor sit amet, consectetur adipiscing elit, sed do eiusmod tempor incididunt ut labore et dolore magna aliqua. Ut enim ad minim veniam, quis nostrud exercitation ullamco laboris nisi ut aliquip ex ea commodoLorem ipsum dolor sit amet, consectetur adipiscing elit, sed do eiusmod tempor incididunt ut labore et dolore magna aliqua. Ut enim ad minim veniam, quis nostrud exercitation ullamco laboris nisi ut aliquip ex ea commodoLorem ipsum dolor sit amet, consectetur adipiscing elit, sed do eiusmod tempor incididunt ut labore et dolore magna aliqua. Ut enim ad minim veniam, quis nostrud exercitation ullamco laboris nisi ut aliquip ex ea commodoLorem ipsum dolor sit amet, consectetur adipiscing elit, sed do eiusmod tempor incididunt ut labore et dolore magna aliqua. Ut enim ad minim veniam, quis nostrud exercitation ullamco laboris nisi ut aliquip ex ea commodoLorem ipsum dolor sit amet, consectetur adipiscing elit, sed do eiusmod tempor incididunt ut labore et dolore magna aliqua. Ut enim ad minim veniam, quis nostrud exercitation ullamco laboris nisi ut aliquip ex ea commodoLorem ipsum dolor sit amet, consectetur adipiscing elit, sed do eiusmod tempor incididunt ut labore et dolore magna aliqua. Ut enim ad minim veniam, quis nostrud exercitation ullamco laboris nisi ut aliquip ex ea commodoLorem ipsum dolor sit amet, consectetur adipiscing elit, sed do eiusmod tempor incididunt ut labore et dolore magna aliqua. Ut enim ad minim veniam, quis nostrud exercitation ullamco laboris nisi ut aliquip ex ea commodoLorem ipsum dolor sit amet, consectetur adipiscing elit, sed do eiusmod tempor incididunt ut labore et dolore magna aliqua. Ut enim ad minim veniam, quis nostrud exercitation ullamco laboris nisi ut aliquip ex ea commodoLorem ipsum dolor sit amet, consectetur adipiscing elit, sed do eiusmod tempor incididunt ut labore et dolore magna aliqua. Ut enim ad minim veniam, quis nostrud exercitation ullamco laboris nisi ut aliquip ex ea commodoLorem ipsum dolor sit amet, consectetur adipiscing elit, sed do eiusmod tempor incididunt ut labore et dolore magna aliqua. Ut enim ad minim veniam, quis nostrud exercitation ullamco laboris nisi ut aliquip ex ea commodoLorem ipsum dolor sit amet, consectetur adipiscing elit, sed do eiusmod tempor incididunt ut labore et dolore magna aliqua. Ut enim ad minim veniam, quis nostrud exercitation ullamco laboris nisi ut aliquip ex ea commodoexercise for foot',1,1,'2024-07-24 17:45:06.146647','2024-07-28 00:31:42.451322','2024-07-24 17:45:04',NULL,'blog/prev.jpeg',0);
INSERT INTO "blog_blogpost" VALUES(3,'vollyball','the vollyball is the best of eLorem ipsum dolor sit amet, consectetur adipiscing elit, sed do eiusmod tempor incididunt ut labore et dolore magna aliqua. Ut enim ad minim veniam, quis nostrud exercitation ullamco laboris nisi ut aliquip ex ea commodoLorem ipsum dolor sit amet, consectetur adipiscing elit, sed do eiusmod tempor incididunt ut labore et dolore magna aliqua. Ut enim ad minim veniam, quis nostrud exercitation ullamco laboris nisi ut aliquip ex ea commodoLorem ipsum dolor sit amet, consectetur adipiscing elit, sed do eiusmod tempor incididunt ut labore et dolore magna aliqua. Ut enim ad minim veniam, quis nostrud exercitation ullamco laboris nisi ut aliquip ex ea commodoLorem ipsum dolor sit amet, consectetur adipiscing elit, sed do eiusmod tempor incididunt ut labore et dolore magna aliqua. Ut enim ad minim veniam, quis nostrud exercitation ullamco laboris nisi ut aliquip ex ea commodoLorem ipsum dolor sit amet, consectetur adipiscing elit, sed do eiusmod tempor incididunt ut labore et dolore magna aliqua. Ut enim ad minim veniam, quis nostrud exercitation ullamco laboris nisi ut aliquip ex ea commodoLorem ipsum dolor sit amet, consectetur adipiscing elit, sed do eiusmod tempor incididunt ut labore et dolore magna aliqua. Ut enim ad minim veniam, quis nostrud exercitation ullamco laboris nisi ut aliquip ex ea commodoLorem ipsum dolor sit amet, consectetur adipiscing elit, sed do eiusmod tempor incididunt ut labore et dolore magna aliqua. Ut enim ad minim veniam, quis nostrud exercitation ullamco laboris nisi ut aliquip ex ea commodoLorem ipsum dolor sit amet, consectetur adipiscing elit, sed do eiusmod tempor incididunt ut labore et dolore magna aliqua. Ut enim ad minim veniam, quis nostrud exercitation ullamco laboris nisi ut aliquip ex ea commodoLorem ipsum dolor sit amet, consectetur adipiscing elit, sed do eiusmod tempor incididunt ut labore et dolore magna aliqua. Ut enim ad minim veniam, quis nostrud exercitation ullamco laboris nisi ut aliquip ex ea commodoLorem ipsum dolor sit amet, consectetur adipiscing elit, sed do eiusmod tempor incididunt ut labore et dolore magna aliqua. Ut enim ad minim veniam, quis nostrud exercitation ullamco laboris nisi ut aliquip ex ea commodoLorem ipsum dolor sit amet, consectetur adipiscing elit, sed do eiusmod tempor incididunt ut labore et dolore magna aliqua. Ut enim ad minim veniam, quis nostrud exercitation ullamco laboris nisi ut aliquip ex ea commodoLorem ipsum dolor sit amet, consectetur adipiscing elit, sed do eiusmod tempor incididunt ut labore et dolore magna aliqua. Ut enim ad minim veniam, quis nostrud exercitation ullamco laboris nisi ut aliquip ex ea commodoLorem ipsum dolor sit amet, consectetur adipiscing elit, sed do eiusmod tempor incididunt ut labore et dolore magna aliqua. Ut enim ad minim veniam, quis nostrud exercitation ullamco laboris nisi ut aliquip ex ea commodoLorem ipsum dolor sit amet, consectetur adipiscing elit, sed do eiusmod tempor incididunt ut labore et dolore magna aliqua. Ut enim ad minim veniam, quis nostrud exercitation ullamco laboris nisi ut aliquip ex ea commodoLorem ipsum dolor sit amet, consectetur adipiscing elit, sed do eiusmod tempor incididunt ut labore et dolore magna aliqua. Ut enim ad minim veniam, quis nostrud exercitation ullamco laboris nisi ut aliquip ex ea commodoLorem ipsum dolor sit amet, consectetur adipiscing elit, sed do eiusmod tempor incididunt ut labore et dolore magna aliqua. Ut enim ad minim veniam, quis nostrud exercitation ullamco laboris nisi ut aliquip ex ea commodoLorem ipsum dolor sit amet, consectetur adipiscing elit, sed do eiusmod tempor incididunt ut labore et dolore magna aliqua. Ut enim ad minim veniam, quis nostrud exercitation ullamco laboris nisi ut aliquip ex ea commodoLorem ipsum dolor sit amet, consectetur adipiscing elit, sed do eiusmod tempor incididunt ut labore et dolore magna aliqua. Ut enim ad minim veniam, quis nostrud exercitation ullamco laboris nisi ut aliquip ex ea commodoLorem ipsum dolor sit amet, consectetur adipiscing elit, sed do eiusmod tempor incididunt ut labore et dolore magna aliqua. Ut enim ad minim veniam, quis nostrud exercitation ullamco laboris nisi ut aliquip ex ea commodoLorem ipsum dolor sit amet, consectetur adipiscing elit, sed do eiusmod tempor incididunt ut labore et dolore magna aliqua. Ut enim ad minim veniam, quis nostrud exercitation ullamco laboris nisi ut aliquip ex ea commodoLorem ipsum dolor sit amet, consectetur adipiscing elit, sed do eiusmod tempor incididunt ut labore et dolore magna aliqua. Ut enim ad minim veniam, quis nostrud exercitation ullamco laboris nisi ut aliquip ex ea commodoLorem ipsum dolor sit amet, consectetur adipiscing elit, sed do eiusmod tempor incididunt ut labore et dolore magna aliqua. Ut enim ad minim veniam, quis nostrud exercitation ullamco laboris nisi ut aliquip ex ea commodoLorem ipsum dolor sit amet, consectetur adipiscing elit, sed do eiusmod tempor incididunt ut labore et dolore magna aliqua. Ut enim ad minim veniam, quis nostrud exercitation ullamco laboris nisi ut aliquip ex ea commodoLorem ipsum dolor sit amet, consectetur adipiscing elit, sed do eiusmod tempor incididunt ut labore et dolore magna aliqua. Ut enim ad minim veniam, quis nostrud exercitation ullamco laboris nisi ut aliquip ex ea commodoLorem ipsum dolor sit amet, consectetur adipiscing elit, sed do eiusmod tempor incididunt ut labore et dolore magna aliqua. Ut enim ad minim veniam, quis nostrud exercitation ullamco laboris nisi ut aliquip ex ea commodoLorem ipsum dolor sit amet, consectetur adipiscing elit, sed do eiusmod tempor incididunt ut labore et dolore magna aliqua. Ut enim ad minim veniam, quis nostrud exercitation ullamco laboris nisi ut aliquip ex ea commodoLorem ipsum dolor sit amet, consectetur adipiscing elit, sed do eiusmod tempor incididunt ut labore et dolore magna aliqua. Ut enim ad minim veniam, quis nostrud exercitation ullamco laboris nisi ut aliquip ex ea commodoLorem ipsum dolor sit amet, consectetur adipiscing elit, sed do eiusmod tempor incididunt ut labore et dolore magna aliqua. Ut enim ad minim veniam, quis nostrud exercitation ullamco laboris nisi ut aliquip ex ea commodoLorem ipsum dolor sit amet, consectetur adipiscing elit, sed do eiusmod tempor incididunt ut labore et dolore magna aliqua. Ut enim ad minim veniam, quis nostrud exercitation ullamco laboris nisi ut aliquip ex ea commodoLorem ipsum dolor sit amet, consectetur adipiscing elit, sed do eiusmod tempor incididunt ut labore et dolore magna aliqua. Ut enim ad minim veniam, quis nostrud exercitation ullamco laboris nisi ut aliquip ex ea commodoLorem ipsum dolor sit amet, consectetur adipiscing elit, sed do eiusmod tempor incididunt ut labore et dolore magna aliqua. Ut enim ad minim veniam, quis nostrud exercitation ullamco laboris nisi ut aliquip ex ea commodoxercise for hand',5,1,'2024-07-24 17:45:48.567228','2024-07-28 00:30:29.670852','2024-07-24 17:45:47',NULL,'blog/feature-img2.jpg',0);
INSERT INTO "blog_blogpost" VALUES(4,'Billiard','billiard is the best of sports',1,1,'2024-07-26 14:00:16.128529','2024-08-09 20:05:58.843111','2024-07-26 14:00:14',1,'blog/photo_2021-10-28_19-21-08.jpg',0);
INSERT INTO "blog_blogpost" VALUES(5,'basketball','basketball is the best of sports
Lorem ipsum dolor sit amet, consectetur adipiscing elit, sed do eiusmod tempor incididunt ut labore et dolore magna aliqua. Ut enim ad minim veniam, quis nostrud exercitation ullamco laboris nisi ut aliquip ex ea commodoLorem ipsum dolor sit amet, consectetur adipiscing elit, sed do eiusmod tempor incididunt ut labore et dolore magna aliqua. Ut enim ad minim veniam, quis nostrud exercitation ullamco laboris nisi ut aliquip ex ea commodoLorem ipsum dolor sit amet, consectetur adipiscing elit, sed do eiusmod tempor incididunt ut labore et dolore magna aliqua. Ut enim ad minim veniam, quis nostrud exercitation ullamco laboris nisi ut aliquip ex ea commodoLorem ipsum dolor sit amet, consectetur adipiscing elit, sed do eiusmod tempor incididunt ut labore et dolore magna aliqua. Ut enim ad minim veniam, quis nostrud exercitation ullamco laboris nisi ut aliquip ex ea commodoLorem ipsum dolor sit amet, consectetur adipiscing elit, sed do eiusmod tempor incididunt ut labore et dolore magna aliqua. Ut enim ad minim veniam, quis nostrud exercitation ullamco laboris nisi ut aliquip ex ea commodoLorem ipsum dolor sit amet, consectetur adipiscing elit, sed do eiusmod tempor incididunt ut labore et dolore magna aliqua. Ut enim ad minim veniam, quis nostrud exercitation ullamco laboris nisi ut aliquip ex ea commodoLorem ipsum dolor sit amet, consectetur adipiscing elit, sed do eiusmod tempor incididunt ut labore et dolore magna aliqua. Ut enim ad minim veniam, quis nostrud exercitation ullamco laboris nisi ut aliquip ex ea commodoLorem ipsum dolor sit amet, consectetur adipiscing elit, sed do eiusmod tempor incididunt ut labore et dolore magna aliqua. Ut enim ad minim veniam, quis nostrud exercitation ullamco laboris nisi ut aliquip ex ea commodoLorem ipsum dolor sit amet, consectetur adipiscing elit, sed do eiusmod tempor incididunt ut labore et dolore magna aliqua. Ut enim ad minim veniam, quis nostrud exercitation ullamco laboris nisi ut aliquip ex ea commodoLorem ipsum dolor sit amet, consectetur adipiscing elit, sed do eiusmod tempor incididunt ut labore et dolore magna aliqua. Ut enim ad minim veniam, quis nostrud exercitation ullamco laboris nisi ut aliquip ex ea commodoLorem ipsum dolor sit amet, consectetur adipiscing elit, sed do eiusmod tempor incididunt ut labore et dolore magna aliqua. Ut enim ad minim veniam, quis nostrud exercitation ullamco laboris nisi ut aliquip ex ea commodoLorem ipsum dolor sit amet, consectetur adipiscing elit, sed do eiusmod tempor incididunt ut labore et dolore magna aliqua. Ut enim ad minim veniam, quis nostrud exercitation ullamco laboris nisi ut aliquip ex ea commodoLorem ipsum dolor sit amet, consectetur adipiscing elit, sed do eiusmod tempor incididunt ut labore et dolore magna aliqua. Ut enim ad minim veniam, quis nostrud exercitation ullamco laboris nisi ut aliquip ex ea commodoLorem ipsum dolor sit amet, consectetur adipiscing elit, sed do eiusmod tempor incididunt ut labore et dolore magna aliqua. Ut enim ad minim veniam, quis nostrud exercitation ullamco laboris nisi ut aliquip ex ea commodoLorem ipsum dolor sit amet, consectetur adipiscing elit, sed do eiusmod tempor incididunt ut labore et dolore magna aliqua. Ut enim ad minim veniam, quis nostrud exercitation ullamco laboris nisi ut aliquip ex ea commodo',0,1,'2024-07-27 22:45:31.698031','2024-07-28 00:29:59.019590','2024-07-27 22:45:28',NULL,'blog/pp3.jpg',0);
INSERT INTO "blog_blogpost" VALUES(6,'HEloo','lsfadkjlkasdjflkasjdflk;asdjflkasdjj;fjffffffffffffffffffffffffffffffffffasdjl;kfasjjdlkfjasdgfakjfhgkjafhugirehfoiughjresndxkjvznkjfdsxcdvfbghnju vgtasdfghjk',0,1,'2024-08-08 14:02:16.352954','2024-08-08 14:02:16.352954','2024-08-08 14:02:13',1,'blog/3.jpg',0);
INSERT INTO "blog_blogpost" VALUES(7,'Tennis','<p style="text-align: left;"><font style="background-color: rgb(255, 255, 0);" color="#ff0000">Tenis </font>is the best of exercise for foots</p><p style="text-align: center; "><img src="/media/django-summernote/2024-08-10/ec2b0b55-661f-47f3-ba60-b7c8a51d1318.png" style="width: 278px;"></p>',0,1,'2024-08-09 13:10:09.318189','2024-08-13 20:08:54.555967','2024-08-09 13:10:08',NULL,'blog/code.png',1);
CREATE UNIQUE INDEX "auth_group_permissions_group_id_permission_id_0cd325b0_uniq" ON "auth_group_permissions" ("group_id", "permission_id");
CREATE INDEX IF NOT EXISTS "auth_group_permissions_group_id_b120cbf9" ON "auth_group_permissions" ("group_id");
CREATE INDEX IF NOT EXISTS "auth_group_permissions_permission_id_84c5c92e" ON "auth_group_permissions" ("permission_id");
CREATE UNIQUE INDEX "auth_user_groups_user_id_group_id_94350c0c_uniq" ON "auth_user_groups" ("user_id", "group_id");
CREATE INDEX IF NOT EXISTS "auth_user_groups_user_id_6a12ed8b" ON "auth_user_groups" ("user_id");
CREATE INDEX IF NOT EXISTS "auth_user_groups_group_id_97559544" ON "auth_user_groups" ("group_id");
CREATE UNIQUE INDEX "auth_user_user_permissions_user_id_permission_id_14a6b632_uniq" ON "auth_user_user_permissions" ("user_id", "permission_id");
CREATE INDEX IF NOT EXISTS "auth_user_user_permissions_user_id_a95ead1b" ON "auth_user_user_permissions" ("user_id");
CREATE INDEX IF NOT EXISTS "auth_user_user_permissions_permission_id_1fbb5f2c" ON "auth_user_user_permissions" ("permission_id");
CREATE INDEX IF NOT EXISTS "django_admin_log_content_type_id_c4bce8eb" ON "django_admin_log" ("content_type_id");
CREATE INDEX IF NOT EXISTS "django_admin_log_user_id_c564eba6" ON "django_admin_log" ("user_id");
CREATE UNIQUE INDEX "django_content_type_app_label_model_76bd3d3b_uniq" ON "django_content_type" ("app_label", "model");
CREATE UNIQUE INDEX "auth_permission_content_type_id_codename_01ab375a_uniq" ON "auth_permission" ("content_type_id", "codename");
CREATE INDEX IF NOT EXISTS "auth_permission_content_type_id_2f476e4b" ON "auth_permission" ("content_type_id");
CREATE INDEX IF NOT EXISTS "django_session_expire_date_a5c62663" ON "django_session" ("expire_date");
CREATE UNIQUE INDEX "blog_blogpost_category_blogpost_id_category_id_506de749_uniq" ON "blog_blogpost_category" ("blogpost_id", "category_id");
CREATE INDEX IF NOT EXISTS "blog_blogpost_category_blogpost_id_caf5507d" ON "blog_blogpost_category" ("blogpost_id");
CREATE INDEX IF NOT EXISTS "blog_blogpost_category_category_id_eaf33751" ON "blog_blogpost_category" ("category_id");
CREATE UNIQUE INDEX "robots_rule_sites_rule_id_site_id_093f04ea_uniq" ON "robots_rule_sites" ("rule_id", "site_id");
CREATE INDEX IF NOT EXISTS "robots_rule_sites_rule_id_7921a799" ON "robots_rule_sites" ("rule_id");
CREATE INDEX IF NOT EXISTS "robots_rule_sites_site_id_efe5be97" ON "robots_rule_sites" ("site_id");
CREATE UNIQUE INDEX "robots_rule_disallowed_rule_id_url_id_4d9b6222_uniq" ON "robots_rule_disallowed" ("rule_id", "url_id");
CREATE INDEX IF NOT EXISTS "robots_rule_disallowed_rule_id_fad7328c" ON "robots_rule_disallowed" ("rule_id");
CREATE INDEX IF NOT EXISTS "robots_rule_disallowed_url_id_8e02db92" ON "robots_rule_disallowed" ("url_id");
CREATE UNIQUE INDEX "robots_rule_allowed_rule_id_url_id_83b262d4_uniq" ON "robots_rule_allowed" ("rule_id", "url_id");
CREATE INDEX IF NOT EXISTS "robots_rule_allowed_rule_id_aa90358c" ON "robots_rule_allowed" ("rule_id");
CREATE INDEX IF NOT EXISTS "robots_rule_allowed_url_id_6157f60a" ON "robots_rule_allowed" ("url_id");
CREATE INDEX IF NOT EXISTS "taggit_taggeditem_object_id_e2d7d1df" ON "taggit_taggeditem" ("object_id");
CREATE INDEX IF NOT EXISTS "taggit_taggeditem_content_type_id_9957a03c" ON "taggit_taggeditem" ("content_type_id");
CREATE INDEX IF NOT EXISTS "taggit_taggeditem_tag_id_f4f5b767" ON "taggit_taggeditem" ("tag_id");
CREATE INDEX IF NOT EXISTS "taggit_tagg_content_8fc721_idx" ON "taggit_taggeditem" ("content_type_id", "object_id");
CREATE INDEX IF NOT EXISTS "blog_comment_post_id_580e96ef" ON "blog_comment" ("post_id");
CREATE INDEX IF NOT EXISTS "blog_blogpost_author_id_ffcc150f" ON "blog_blogpost" ("author_id");
CREATE TABLE IF NOT EXISTS "blog_blogpost_category" ("id" integer NOT NULL PRIMARY KEY AUTOINCREMENT, "blogpost_id" bigint NOT NULL REFERENCES "blog_blogpost" ("id") DEFERRABLE INITIALLY DEFERRED, "category_id" bigint NOT NULL REFERENCES "blog_category" ("id") DEFERRABLE INITIALLY DEFERRED);
INSERT INTO "blog_blogpost_category" VALUES(1,5,3);
INSERT INTO "blog_blogpost_category" VALUES(2,1,2);
INSERT INTO "blog_blogpost_category" VALUES(3,3,1);
INSERT INTO "blog_blogpost_category" VALUES(4,3,2);
INSERT INTO "blog_blogpost_category" VALUES(5,3,3);
INSERT INTO "blog_blogpost_category" VALUES(6,2,2);
INSERT INTO "blog_blogpost_category" VALUES(7,4,2);
INSERT INTO "blog_blogpost_category" VALUES(8,1,3);
INSERT INTO "blog_blogpost_category" VALUES(9,6,3);
INSERT INTO "blog_blogpost_category" VALUES(10,7,3);
CREATE UNIQUE INDEX "auth_group_permissions_group_id_permission_id_0cd325b0_uniq" ON "auth_group_permissions" ("group_id", "permission_id");
CREATE INDEX IF NOT EXISTS "auth_group_permissions_group_id_b120cbf9" ON "auth_group_permissions" ("group_id");
CREATE INDEX IF NOT EXISTS "auth_group_permissions_permission_id_84c5c92e" ON "auth_group_permissions" ("permission_id");
CREATE UNIQUE INDEX "auth_user_groups_user_id_group_id_94350c0c_uniq" ON "auth_user_groups" ("user_id", "group_id");
CREATE INDEX IF NOT EXISTS "auth_user_groups_user_id_6a12ed8b" ON "auth_user_groups" ("user_id");
CREATE INDEX IF NOT EXISTS "auth_user_groups_group_id_97559544" ON "auth_user_groups" ("group_id");
CREATE UNIQUE INDEX "auth_user_user_permissions_user_id_permission_id_14a6b632_uniq" ON "auth_user_user_permissions" ("user_id", "permission_id");
CREATE INDEX IF NOT EXISTS "auth_user_user_permissions_user_id_a95ead1b" ON "auth_user_user_permissions" ("user_id");
CREATE INDEX IF NOT EXISTS "auth_user_user_permissions_permission_id_1fbb5f2c" ON "auth_user_user_permissions" ("permission_id");
CREATE INDEX IF NOT EXISTS "django_admin_log_content_type_id_c4bce8eb" ON "django_admin_log" ("content_type_id");
CREATE INDEX IF NOT EXISTS "django_admin_log_user_id_c564eba6" ON "django_admin_log" ("user_id");
CREATE UNIQUE INDEX "django_content_type_app_label_model_76bd3d3b_uniq" ON "django_content_type" ("app_label", "model");
CREATE UNIQUE INDEX "auth_permission_content_type_id_codename_01ab375a_uniq" ON "auth_permission" ("content_type_id", "codename");
CREATE INDEX IF NOT EXISTS "auth_permission_content_type_id_2f476e4b" ON "auth_permission" ("content_type_id");
CREATE INDEX IF NOT EXISTS "django_session_expire_date_a5c62663" ON "django_session" ("expire_date");
CREATE UNIQUE INDEX "blog_blogpost_category_blogpost_id_category_id_506de749_uniq" ON "blog_blogpost_category" ("blogpost_id", "category_id");
CREATE INDEX IF NOT EXISTS "blog_blogpost_category_blogpost_id_caf5507d" ON "blog_blogpost_category" ("blogpost_id");
CREATE INDEX IF NOT EXISTS "blog_blogpost_category_category_id_eaf33751" ON "blog_blogpost_category" ("category_id");
CREATE UNIQUE INDEX "robots_rule_sites_rule_id_site_id_093f04ea_uniq" ON "robots_rule_sites" ("rule_id", "site_id");
CREATE INDEX IF NOT EXISTS "robots_rule_sites_rule_id_7921a799" ON "robots_rule_sites" ("rule_id");
CREATE INDEX IF NOT EXISTS "robots_rule_sites_site_id_efe5be97" ON "robots_rule_sites" ("site_id");
CREATE UNIQUE INDEX "robots_rule_disallowed_rule_id_url_id_4d9b6222_uniq" ON "robots_rule_disallowed" ("rule_id", "url_id");
CREATE INDEX IF NOT EXISTS "robots_rule_disallowed_rule_id_fad7328c" ON "robots_rule_disallowed" ("rule_id");
CREATE INDEX IF NOT EXISTS "robots_rule_disallowed_url_id_8e02db92" ON "robots_rule_disallowed" ("url_id");
CREATE UNIQUE INDEX "robots_rule_allowed_rule_id_url_id_83b262d4_uniq" ON "robots_rule_allowed" ("rule_id", "url_id");
CREATE INDEX IF NOT EXISTS "robots_rule_allowed_rule_id_aa90358c" ON "robots_rule_allowed" ("rule_id");
CREATE INDEX IF NOT EXISTS "robots_rule_allowed_url_id_6157f60a" ON "robots_rule_allowed" ("url_id");
CREATE INDEX IF NOT EXISTS "taggit_taggeditem_object_id_e2d7d1df" ON "taggit_taggeditem" ("object_id");
CREATE INDEX IF NOT EXISTS "taggit_taggeditem_content_type_id_9957a03c" ON "taggit_taggeditem" ("content_type_id");
CREATE INDEX IF NOT EXISTS "taggit_taggeditem_tag_id_f4f5b767" ON "taggit_taggeditem" ("tag_id");
CREATE INDEX IF NOT EXISTS "taggit_tagg_content_8fc721_idx" ON "taggit_taggeditem" ("content_type_id", "object_id");
CREATE INDEX IF NOT EXISTS "blog_comment_post_id_580e96ef" ON "blog_comment" ("post_id");
CREATE INDEX IF NOT EXISTS "blog_blogpost_author_id_ffcc150f" ON "blog_blogpost" ("author_id");
CREATE TABLE IF NOT EXISTS "blog_category" ("id" integer NOT NULL PRIMARY KEY AUTOINCREMENT, "name" varchar(255) NOT NULL);
INSERT INTO "blog_category" VALUES(1,'it');
INSERT INTO "blog_category" VALUES(2,'programming');
INSERT INTO "blog_category" VALUES(3,'sports');
CREATE UNIQUE INDEX "auth_group_permissions_group_id_permission_id_0cd325b0_uniq" ON "auth_group_permissions" ("group_id", "permission_id");
CREATE INDEX IF NOT EXISTS "auth_group_permissions_group_id_b120cbf9" ON "auth_group_permissions" ("group_id");
CREATE INDEX IF NOT EXISTS "auth_group_permissions_permission_id_84c5c92e" ON "auth_group_permissions" ("permission_id");
CREATE UNIQUE INDEX "auth_user_groups_user_id_group_id_94350c0c_uniq" ON "auth_user_groups" ("user_id", "group_id");
CREATE INDEX IF NOT EXISTS "auth_user_groups_user_id_6a12ed8b" ON "auth_user_groups" ("user_id");
CREATE INDEX IF NOT EXISTS "auth_user_groups_group_id_97559544" ON "auth_user_groups" ("group_id");
CREATE UNIQUE INDEX "auth_user_user_permissions_user_id_permission_id_14a6b632_uniq" ON "auth_user_user_permissions" ("user_id", "permission_id");
CREATE INDEX IF NOT EXISTS "auth_user_user_permissions_user_id_a95ead1b" ON "auth_user_user_permissions" ("user_id");
CREATE INDEX IF NOT EXISTS "auth_user_user_permissions_permission_id_1fbb5f2c" ON "auth_user_user_permissions" ("permission_id");
CREATE INDEX IF NOT EXISTS "django_admin_log_content_type_id_c4bce8eb" ON "django_admin_log" ("content_type_id");
CREATE INDEX IF NOT EXISTS "django_admin_log_user_id_c564eba6" ON "django_admin_log" ("user_id");
CREATE UNIQUE INDEX "django_content_type_app_label_model_76bd3d3b_uniq" ON "django_content_type" ("app_label", "model");
CREATE UNIQUE INDEX "auth_permission_content_type_id_codename_01ab375a_uniq" ON "auth_permission" ("content_type_id", "codename");
CREATE INDEX IF NOT EXISTS "auth_permission_content_type_id_2f476e4b" ON "auth_permission" ("content_type_id");
CREATE INDEX IF NOT EXISTS "django_session_expire_date_a5c62663" ON "django_session" ("expire_date");
CREATE UNIQUE INDEX "blog_blogpost_category_blogpost_id_category_id_506de749_uniq" ON "blog_blogpost_category" ("blogpost_id", "category_id");
CREATE INDEX IF NOT EXISTS "blog_blogpost_category_blogpost_id_caf5507d" ON "blog_blogpost_category" ("blogpost_id");
CREATE INDEX IF NOT EXISTS "blog_blogpost_category_category_id_eaf33751" ON "blog_blogpost_category" ("category_id");
CREATE UNIQUE INDEX "robots_rule_sites_rule_id_site_id_093f04ea_uniq" ON "robots_rule_sites" ("rule_id", "site_id");
CREATE INDEX IF NOT EXISTS "robots_rule_sites_rule_id_7921a799" ON "robots_rule_sites" ("rule_id");
CREATE INDEX IF NOT EXISTS "robots_rule_sites_site_id_efe5be97" ON "robots_rule_sites" ("site_id");
CREATE UNIQUE INDEX "robots_rule_disallowed_rule_id_url_id_4d9b6222_uniq" ON "robots_rule_disallowed" ("rule_id", "url_id");
CREATE INDEX IF NOT EXISTS "robots_rule_disallowed_rule_id_fad7328c" ON "robots_rule_disallowed" ("rule_id");
CREATE INDEX IF NOT EXISTS "robots_rule_disallowed_url_id_8e02db92" ON "robots_rule_disallowed" ("url_id");
CREATE UNIQUE INDEX "robots_rule_allowed_rule_id_url_id_83b262d4_uniq" ON "robots_rule_allowed" ("rule_id", "url_id");
CREATE INDEX IF NOT EXISTS "robots_rule_allowed_rule_id_aa90358c" ON "robots_rule_allowed" ("rule_id");
CREATE INDEX IF NOT EXISTS "robots_rule_allowed_url_id_6157f60a" ON "robots_rule_allowed" ("url_id");
CREATE INDEX IF NOT EXISTS "taggit_taggeditem_object_id_e2d7d1df" ON "taggit_taggeditem" ("object_id");
CREATE INDEX IF NOT EXISTS "taggit_taggeditem_content_type_id_9957a03c" ON "taggit_taggeditem" ("content_type_id");
CREATE INDEX IF NOT EXISTS "taggit_taggeditem_tag_id_f4f5b767" ON "taggit_taggeditem" ("tag_id");
CREATE INDEX IF NOT EXISTS "taggit_tagg_content_8fc721_idx" ON "taggit_taggeditem" ("content_type_id", "object_id");
CREATE INDEX IF NOT EXISTS "blog_comment_post_id_580e96ef" ON "blog_comment" ("post_id");
CREATE INDEX IF NOT EXISTS "blog_blogpost_author_id_ffcc150f" ON "blog_blogpost" ("author_id");
CREATE TABLE IF NOT EXISTS "blog_comment" ("id" integer NOT NULL PRIMARY KEY AUTOINCREMENT, "email" varchar(254) NOT NULL, "subject" varchar(255) NOT NULL, "message" text NOT NULL, "approved" bool NOT NULL, "create_date" datetime NOT NULL, "updated_date" datetime NOT NULL, "post_id" bigint NOT NULL REFERENCES "blog_blogpost" ("id") DEFERRABLE INITIALLY DEFERRED, "name" varchar(255) NOT NULL);
INSERT INTO "blog_comment" VALUES(1,'modsenn@gmail.com','Cool','hlleo Erfan do you fuck me',1,'2024-08-11 17:21:10.778151','2024-08-11 17:53:53.358105',3,'Mohsen');
INSERT INTO "blog_comment" VALUES(2,'ghazal@gmail.com','وضعیت معلق','fjdslkfjals;kdjfas;lkdjfal;ksdjfjf;lkasdjf',1,'2024-08-11 17:45:29.341264','2024-08-11 17:45:29.341264',3,'ghazal');
INSERT INTO "blog_comment" VALUES(3,'razavierfan27@gmail.com','ریست','ddd',1,'2024-08-11 19:01:57.836276','2024-08-11 19:02:27.572763',2,'erfan razavi');
INSERT INTO "blog_comment" VALUES(4,'erfan6235@gmail.com','ssss','ssss',1,'2024-08-11 19:09:44.127208','2024-08-11 19:11:34.084661',2,'سید عرفان رضوی');
INSERT INTO "blog_comment" VALUES(5,'erfan6235@gmail.com','Erf','Erferf',0,'2024-08-12 18:40:08.393945','2024-08-12 18:40:08.393945',1,'عرفان');
INSERT INTO "blog_comment" VALUES(6,'erfan6235@gmail.com','Erf','Erferf',0,'2024-08-12 18:40:22.939481','2024-08-12 18:40:22.939481',1,'عرفان');
INSERT INTO "blog_comment" VALUES(7,'razavierfan27@gmail.com','ssss','ssss',0,'2024-08-13 19:28:20.466591','2024-08-13 19:28:20.466591',1,'سید عرفان رضوی');
INSERT INTO "blog_comment" VALUES(8,'erfan6235@gmail.com','ریست','ssss',0,'2024-08-13 19:31:28.095854','2024-08-13 19:31:28.095854',1,'erfan');
CREATE UNIQUE INDEX "auth_group_permissions_group_id_permission_id_0cd325b0_uniq" ON "auth_group_permissions" ("group_id", "permission_id");
CREATE INDEX IF NOT EXISTS "auth_group_permissions_group_id_b120cbf9" ON "auth_group_permissions" ("group_id");
CREATE INDEX IF NOT EXISTS "auth_group_permissions_permission_id_84c5c92e" ON "auth_group_permissions" ("permission_id");
CREATE UNIQUE INDEX "auth_user_groups_user_id_group_id_94350c0c_uniq" ON "auth_user_groups" ("user_id", "group_id");
CREATE INDEX IF NOT EXISTS "auth_user_groups_user_id_6a12ed8b" ON "auth_user_groups" ("user_id");
CREATE INDEX IF NOT EXISTS "auth_user_groups_group_id_97559544" ON "auth_user_groups" ("group_id");
CREATE UNIQUE INDEX "auth_user_user_permissions_user_id_permission_id_14a6b632_uniq" ON "auth_user_user_permissions" ("user_id", "permission_id");
CREATE INDEX IF NOT EXISTS "auth_user_user_permissions_user_id_a95ead1b" ON "auth_user_user_permissions" ("user_id");
CREATE INDEX IF NOT EXISTS "auth_user_user_permissions_permission_id_1fbb5f2c" ON "auth_user_user_permissions" ("permission_id");
CREATE INDEX IF NOT EXISTS "django_admin_log_content_type_id_c4bce8eb" ON "django_admin_log" ("content_type_id");
CREATE INDEX IF NOT EXISTS "django_admin_log_user_id_c564eba6" ON "django_admin_log" ("user_id");
CREATE UNIQUE INDEX "django_content_type_app_label_model_76bd3d3b_uniq" ON "django_content_type" ("app_label", "model");
CREATE UNIQUE INDEX "auth_permission_content_type_id_codename_01ab375a_uniq" ON "auth_permission" ("content_type_id", "codename");
CREATE INDEX IF NOT EXISTS "auth_permission_content_type_id_2f476e4b" ON "auth_permission" ("content_type_id");
CREATE INDEX IF NOT EXISTS "django_session_expire_date_a5c62663" ON "django_session" ("expire_date");
CREATE UNIQUE INDEX "blog_blogpost_category_blogpost_id_category_id_506de749_uniq" ON "blog_blogpost_category" ("blogpost_id", "category_id");
CREATE INDEX IF NOT EXISTS "blog_blogpost_category_blogpost_id_caf5507d" ON "blog_blogpost_category" ("blogpost_id");
CREATE INDEX IF NOT EXISTS "blog_blogpost_category_category_id_eaf33751" ON "blog_blogpost_category" ("category_id");
CREATE UNIQUE INDEX "robots_rule_sites_rule_id_site_id_093f04ea_uniq" ON "robots_rule_sites" ("rule_id", "site_id");
CREATE INDEX IF NOT EXISTS "robots_rule_sites_rule_id_7921a799" ON "robots_rule_sites" ("rule_id");
CREATE INDEX IF NOT EXISTS "robots_rule_sites_site_id_efe5be97" ON "robots_rule_sites" ("site_id");
CREATE UNIQUE INDEX "robots_rule_disallowed_rule_id_url_id_4d9b6222_uniq" ON "robots_rule_disallowed" ("rule_id", "url_id");
CREATE INDEX IF NOT EXISTS "robots_rule_disallowed_rule_id_fad7328c" ON "robots_rule_disallowed" ("rule_id");
CREATE INDEX IF NOT EXISTS "robots_rule_disallowed_url_id_8e02db92" ON "robots_rule_disallowed" ("url_id");
CREATE UNIQUE INDEX "robots_rule_allowed_rule_id_url_id_83b262d4_uniq" ON "robots_rule_allowed" ("rule_id", "url_id");
CREATE INDEX IF NOT EXISTS "robots_rule_allowed_rule_id_aa90358c" ON "robots_rule_allowed" ("rule_id");
CREATE INDEX IF NOT EXISTS "robots_rule_allowed_url_id_6157f60a" ON "robots_rule_allowed" ("url_id");
CREATE INDEX IF NOT EXISTS "taggit_taggeditem_object_id_e2d7d1df" ON "taggit_taggeditem" ("object_id");
CREATE INDEX IF NOT EXISTS "taggit_taggeditem_content_type_id_9957a03c" ON "taggit_taggeditem" ("content_type_id");
CREATE INDEX IF NOT EXISTS "taggit_taggeditem_tag_id_f4f5b767" ON "taggit_taggeditem" ("tag_id");
CREATE INDEX IF NOT EXISTS "taggit_tagg_content_8fc721_idx" ON "taggit_taggeditem" ("content_type_id", "object_id");
CREATE INDEX IF NOT EXISTS "blog_comment_post_id_580e96ef" ON "blog_comment" ("post_id");
CREATE INDEX IF NOT EXISTS "blog_blogpost_author_id_ffcc150f" ON "blog_blogpost" ("author_id");
CREATE TABLE IF NOT EXISTS "captcha_captchastore" ("challenge" varchar(32) NOT NULL, "response" varchar(32) NOT NULL, "hashkey" varchar(40) NOT NULL UNIQUE, "expiration" datetime NOT NULL, "id" integer NOT NULL PRIMARY KEY AUTOINCREMENT);
INSERT INTO "captcha_captchastore" VALUES('GNGYOA','gngyoa','4b8ab56dbc181ca42fa9f3454104681e4236ec2b','2024-08-15 23:03:08.156808',73);
INSERT INTO "captcha_captchastore" VALUES('JHHIIE','jhhiie','97a92241c4aa872b6689ac71c33766e1d237e80d','2024-08-15 23:03:27.960946',75);
INSERT INTO "captcha_captchastore" VALUES('DZPVUG','dzpvug','7b246f1645ca91895db975ea2fdbff06821ab326','2024-08-15 23:03:44.751151',77);
INSERT INTO "captcha_captchastore" VALUES('RCASUN','rcasun','fe058d179f78db99a36d777526230485dbd35b62','2024-08-15 23:04:02.059335',78);
INSERT INTO "captcha_captchastore" VALUES('YAGSUC','yagsuc','4bfc7cf2bc107b4d5366526c33d1391d0c175465','2024-08-15 23:47:56.429058',80);
CREATE UNIQUE INDEX "auth_group_permissions_group_id_permission_id_0cd325b0_uniq" ON "auth_group_permissions" ("group_id", "permission_id");
CREATE INDEX IF NOT EXISTS "auth_group_permissions_group_id_b120cbf9" ON "auth_group_permissions" ("group_id");
CREATE INDEX IF NOT EXISTS "auth_group_permissions_permission_id_84c5c92e" ON "auth_group_permissions" ("permission_id");
CREATE UNIQUE INDEX "auth_user_groups_user_id_group_id_94350c0c_uniq" ON "auth_user_groups" ("user_id", "group_id");
CREATE INDEX IF NOT EXISTS "auth_user_groups_user_id_6a12ed8b" ON "auth_user_groups" ("user_id");
CREATE INDEX IF NOT EXISTS "auth_user_groups_group_id_97559544" ON "auth_user_groups" ("group_id");
CREATE UNIQUE INDEX "auth_user_user_permissions_user_id_permission_id_14a6b632_uniq" ON "auth_user_user_permissions" ("user_id", "permission_id");
CREATE INDEX IF NOT EXISTS "auth_user_user_permissions_user_id_a95ead1b" ON "auth_user_user_permissions" ("user_id");
CREATE INDEX IF NOT EXISTS "auth_user_user_permissions_permission_id_1fbb5f2c" ON "auth_user_user_permissions" ("permission_id");
CREATE INDEX IF NOT EXISTS "django_admin_log_content_type_id_c4bce8eb" ON "django_admin_log" ("content_type_id");
CREATE INDEX IF NOT EXISTS "django_admin_log_user_id_c564eba6" ON "django_admin_log" ("user_id");
CREATE UNIQUE INDEX "django_content_type_app_label_model_76bd3d3b_uniq" ON "django_content_type" ("app_label", "model");
CREATE UNIQUE INDEX "auth_permission_content_type_id_codename_01ab375a_uniq" ON "auth_permission" ("content_type_id", "codename");
CREATE INDEX IF NOT EXISTS "auth_permission_content_type_id_2f476e4b" ON "auth_permission" ("content_type_id");
CREATE INDEX IF NOT EXISTS "django_session_expire_date_a5c62663" ON "django_session" ("expire_date");
CREATE UNIQUE INDEX "blog_blogpost_category_blogpost_id_category_id_506de749_uniq" ON "blog_blogpost_category" ("blogpost_id", "category_id");
CREATE INDEX IF NOT EXISTS "blog_blogpost_category_blogpost_id_caf5507d" ON "blog_blogpost_category" ("blogpost_id");
CREATE INDEX IF NOT EXISTS "blog_blogpost_category_category_id_eaf33751" ON "blog_blogpost_category" ("category_id");
CREATE UNIQUE INDEX "robots_rule_sites_rule_id_site_id_093f04ea_uniq" ON "robots_rule_sites" ("rule_id", "site_id");
CREATE INDEX IF NOT EXISTS "robots_rule_sites_rule_id_7921a799" ON "robots_rule_sites" ("rule_id");
CREATE INDEX IF NOT EXISTS "robots_rule_sites_site_id_efe5be97" ON "robots_rule_sites" ("site_id");
CREATE UNIQUE INDEX "robots_rule_disallowed_rule_id_url_id_4d9b6222_uniq" ON "robots_rule_disallowed" ("rule_id", "url_id");
CREATE INDEX IF NOT EXISTS "robots_rule_disallowed_rule_id_fad7328c" ON "robots_rule_disallowed" ("rule_id");
CREATE INDEX IF NOT EXISTS "robots_rule_disallowed_url_id_8e02db92" ON "robots_rule_disallowed" ("url_id");
CREATE UNIQUE INDEX "robots_rule_allowed_rule_id_url_id_83b262d4_uniq" ON "robots_rule_allowed" ("rule_id", "url_id");
CREATE INDEX IF NOT EXISTS "robots_rule_allowed_rule_id_aa90358c" ON "robots_rule_allowed" ("rule_id");
CREATE INDEX IF NOT EXISTS "robots_rule_allowed_url_id_6157f60a" ON "robots_rule_allowed" ("url_id");
CREATE INDEX IF NOT EXISTS "taggit_taggeditem_object_id_e2d7d1df" ON "taggit_taggeditem" ("object_id");
CREATE INDEX IF NOT EXISTS "taggit_taggeditem_content_type_id_9957a03c" ON "taggit_taggeditem" ("content_type_id");
CREATE INDEX IF NOT EXISTS "taggit_taggeditem_tag_id_f4f5b767" ON "taggit_taggeditem" ("tag_id");
CREATE INDEX IF NOT EXISTS "taggit_tagg_content_8fc721_idx" ON "taggit_taggeditem" ("content_type_id", "object_id");
CREATE INDEX IF NOT EXISTS "blog_comment_post_id_580e96ef" ON "blog_comment" ("post_id");
CREATE INDEX IF NOT EXISTS "blog_blogpost_author_id_ffcc150f" ON "blog_blogpost" ("author_id");
CREATE TABLE IF NOT EXISTS "django_admin_log" ("id" integer NOT NULL PRIMARY KEY AUTOINCREMENT, "object_id" text NULL, "object_repr" varchar(200) NOT NULL, "action_flag" smallint unsigned NOT NULL CHECK ("action_flag" >= 0), "change_message" text NOT NULL, "content_type_id" integer NULL REFERENCES "django_content_type" ("id") DEFERRABLE INITIALLY DEFERRED, "user_id" integer NOT NULL REFERENCES "auth_user" ("id") DEFERRABLE INITIALLY DEFERRED, "action_time" datetime NOT NULL);
INSERT INTO "django_admin_log" VALUES(1,'1','erfan',2,'[{"changed": {"fields": ["First name", "Last name"]}}]',4,1,'2024-07-24 13:39:06.092540');
INSERT INTO "django_admin_log" VALUES(2,'1','BlogPost object (1)',1,'[{"added": {}}]',9,1,'2024-07-24 16:54:07.132973');
INSERT INTO "django_admin_log" VALUES(3,'2','football',1,'[{"added": {}}]',9,1,'2024-07-24 17:45:06.161553');
INSERT INTO "django_admin_log" VALUES(4,'1','Acrobatic',2,'[{"changed": {"fields": ["Status"]}}]',9,1,'2024-07-24 17:45:13.241208');
INSERT INTO "django_admin_log" VALUES(5,'3','vollyball',1,'[{"added": {}}]',9,1,'2024-07-24 17:45:48.578554');
INSERT INTO "django_admin_log" VALUES(6,'1','Contact object (1)',1,'[{"added": {}}]',8,1,'2024-07-26 13:32:40.188214');
INSERT INTO "django_admin_log" VALUES(7,'4',' Billiard - 4',1,'[{"added": {}}]',9,1,'2024-07-26 14:00:16.143701');
INSERT INTO "django_admin_log" VALUES(8,'4',' Billiard - 4',2,'[{"changed": {"fields": ["Status"]}}]',9,1,'2024-07-26 14:06:50.510376');
INSERT INTO "django_admin_log" VALUES(9,'2','ghazal - hos it going',1,'[{"added": {}}]',8,1,'2024-07-27 18:53:36.707903');
INSERT INTO "django_admin_log" VALUES(10,'4',' Billiard - 4',2,'[{"changed": {"fields": ["Author"]}}]',9,1,'2024-07-27 22:33:05.765851');
INSERT INTO "django_admin_log" VALUES(11,'2','ghazal',1,'[{"added": {}}]',4,1,'2024-07-27 22:33:40.594045');
INSERT INTO "django_admin_log" VALUES(12,'2','ghazal',2,'[{"changed": {"fields": ["First name", "Last name", "Email address", "Staff status", "Last login"]}}]',4,1,'2024-07-27 22:34:16.475055');
INSERT INTO "django_admin_log" VALUES(13,'3','mehdi',1,'[{"added": {}}]',4,1,'2024-07-27 22:34:33.630434');
INSERT INTO "django_admin_log" VALUES(14,'3','mehdi',2,'[{"changed": {"fields": ["First name", "Last name", "Email address", "Last login"]}}]',4,1,'2024-07-27 22:34:51.744555');
INSERT INTO "django_admin_log" VALUES(15,'3',' vollyball - 3',2,'[{"changed": {"fields": ["Author"]}}]',9,1,'2024-07-27 22:35:05.597178');
INSERT INTO "django_admin_log" VALUES(16,'2',' football - 2',2,'[{"changed": {"fields": ["Author"]}}]',9,1,'2024-07-27 22:35:10.382647');
INSERT INTO "django_admin_log" VALUES(17,'1',' Acrobatic - 1',2,'[{"changed": {"fields": ["Author"]}}]',9,1,'2024-07-27 22:35:19.649543');
INSERT INTO "django_admin_log" VALUES(18,'5',' basketball - 5',1,'[{"added": {}}]',9,1,'2024-07-27 22:45:31.720159');
INSERT INTO "django_admin_log" VALUES(19,'5',' basketball - 5',2,'[{"changed": {"fields": ["Image filed"]}}]',9,1,'2024-07-27 23:03:20.390655');
INSERT INTO "django_admin_log" VALUES(20,'3',' vollyball - 3',2,'[{"changed": {"fields": ["Image filed"]}}]',9,1,'2024-07-27 23:25:31.925616');
INSERT INTO "django_admin_log" VALUES(21,'2',' football - 2',2,'[{"changed": {"fields": ["Image filed"]}}]',9,1,'2024-07-27 23:33:41.008241');
INSERT INTO "django_admin_log" VALUES(22,'1','it',1,'[{"added": {}}]',10,1,'2024-07-27 23:45:40.922704');
INSERT INTO "django_admin_log" VALUES(23,'2','programming',1,'[{"added": {}}]',10,1,'2024-07-27 23:45:48.758410');
INSERT INTO "django_admin_log" VALUES(24,'3','sports',1,'[{"added": {}}]',10,1,'2024-07-27 23:46:01.806200');
INSERT INTO "django_admin_log" VALUES(25,'5',' basketball - 5',2,'[{"changed": {"fields": ["Category"]}}]',9,1,'2024-07-27 23:48:27.139242');
INSERT INTO "django_admin_log" VALUES(26,'1',' Acrobatic - 1',2,'[{"changed": {"fields": ["Category"]}}]',9,1,'2024-07-27 23:48:35.158347');
INSERT INTO "django_admin_log" VALUES(27,'3',' vollyball - 3',2,'[{"changed": {"fields": ["Category"]}}]',9,1,'2024-07-27 23:48:43.832159');
INSERT INTO "django_admin_log" VALUES(28,'5',' basketball - 5',2,'[{"changed": {"fields": ["Content"]}}]',9,1,'2024-07-28 00:28:03.841669');
INSERT INTO "django_admin_log" VALUES(29,'5',' basketball - 5',2,'[{"changed": {"fields": ["Content"]}}]',9,1,'2024-07-28 00:29:59.024077');
INSERT INTO "django_admin_log" VALUES(30,'3',' vollyball - 3',2,'[{"changed": {"fields": ["Content"]}}]',9,1,'2024-07-28 00:30:25.752172');
INSERT INTO "django_admin_log" VALUES(31,'3',' vollyball - 3',2,'[]',9,1,'2024-07-28 00:30:29.676989');
INSERT INTO "django_admin_log" VALUES(32,'2',' football - 2',2,'[{"changed": {"fields": ["Content", "Category"]}}]',9,1,'2024-07-28 00:31:42.455819');
INSERT INTO "django_admin_log" VALUES(33,'4',' Billiard - 4',2,'[{"changed": {"fields": ["Category", "Image filed", "Status"]}}]',9,1,'2024-08-06 17:35:28.395143');
INSERT INTO "django_admin_log" VALUES(34,'1',' Acrobatic - 1',2,'[{"changed": {"fields": ["Category", "Image filed", "Status"]}}]',9,1,'2024-08-06 17:35:46.416951');
INSERT INTO "django_admin_log" VALUES(35,'6',' HEloo - 6',1,'[{"added": {}}]',9,1,'2024-08-08 14:02:16.408950');
INSERT INTO "django_admin_log" VALUES(36,'11','erfan razavi - Destionation',3,'',8,1,'2024-08-08 14:06:59.381667');
INSERT INTO "django_admin_log" VALUES(37,'10','erfan razavi - وضعیت معلق',3,'',8,1,'2024-08-08 14:06:59.529669');
INSERT INTO "django_admin_log" VALUES(38,'9','erfan razavi - Destionation',3,'',8,1,'2024-08-08 14:06:59.635668');
INSERT INTO "django_admin_log" VALUES(39,'8','erfan - sss',3,'',8,1,'2024-08-08 14:06:59.746668');
INSERT INTO "django_admin_log" VALUES(40,'7','ghazal - fdsafasdf',3,'',8,1,'2024-08-08 14:06:59.859672');
INSERT INTO "django_admin_log" VALUES(41,'6','erfan razavi - Destionation',3,'',8,1,'2024-08-08 14:06:59.989687');
INSERT INTO "django_admin_log" VALUES(42,'5','erfan razavi - ریست',3,'',8,1,'2024-08-08 14:07:00.090670');
INSERT INTO "django_admin_log" VALUES(43,'4','erfan razavi - Destionation',3,'',8,1,'2024-08-08 14:07:00.178829');
INSERT INTO "django_admin_log" VALUES(44,'3','سید عرفان رضوی - وضعیت معلق',3,'',8,1,'2024-08-08 14:07:00.401226');
INSERT INTO "django_admin_log" VALUES(45,'2','ghazal - hos it going',3,'',8,1,'2024-08-08 14:07:00.733617');
INSERT INTO "django_admin_log" VALUES(46,'1','Erfan - Destionation',3,'',8,1,'2024-08-08 14:07:00.958817');
INSERT INTO "django_admin_log" VALUES(47,'20','*unknown* - eeeee',3,'',8,1,'2024-08-08 19:27:04.715887');
INSERT INTO "django_admin_log" VALUES(48,'19','*unknown* - sss',3,'',8,1,'2024-08-08 19:27:04.964298');
INSERT INTO "django_admin_log" VALUES(49,'18','*unknown* - sss',3,'',8,1,'2024-08-08 19:27:05.075087');
INSERT INTO "django_admin_log" VALUES(50,'17','*unknown* - fdsafasdf',3,'',8,1,'2024-08-08 19:27:05.197090');
INSERT INTO "django_admin_log" VALUES(51,'16','*unknown* - asdasda',3,'',8,1,'2024-08-08 19:27:05.320092');
INSERT INTO "django_admin_log" VALUES(52,'15','*unknown* - dsada',3,'',8,1,'2024-08-08 19:27:05.430087');
INSERT INTO "django_admin_log" VALUES(53,'14','unknown - وضعیت معلق',3,'',8,1,'2024-08-08 19:27:05.530089');
INSERT INTO "django_admin_log" VALUES(54,'13','سید عرفان رضوی - eeeee',3,'',8,1,'2024-08-08 19:27:05.630032');
INSERT INTO "django_admin_log" VALUES(55,'12','Erfan - وضعیت معلق',3,'',8,1,'2024-08-08 19:27:05.707694');
INSERT INTO "django_admin_log" VALUES(56,'7',' Tennis - 7',1,'[{"added": {}}]',9,1,'2024-08-09 13:10:09.324178');
INSERT INTO "django_admin_log" VALUES(57,'2','127.0.0.1:8000',1,'[{"added": {}}]',12,1,'2024-08-09 13:48:57.699505');
INSERT INTO "django_admin_log" VALUES(58,'1','/*',1,'[{"added": {}}]',14,1,'2024-08-09 19:12:21.572547');
INSERT INTO "django_admin_log" VALUES(59,'2','/*',1,'[{"added": {}}]',14,1,'2024-08-09 19:12:39.613611');
INSERT INTO "django_admin_log" VALUES(60,'3','/admin',1,'[{"added": {}}]',14,1,'2024-08-09 19:12:52.979920');
INSERT INTO "django_admin_log" VALUES(61,'1','*',1,'[{"added": {}}]',13,1,'2024-08-09 19:13:16.827303');
INSERT INTO "django_admin_log" VALUES(62,'7',' Tennis - 7',2,'[{"changed": {"fields": ["Tags"]}}]',9,1,'2024-08-09 20:05:45.401637');
INSERT INTO "django_admin_log" VALUES(63,'7',' Tennis - 7',2,'[]',9,1,'2024-08-09 20:05:50.600028');
INSERT INTO "django_admin_log" VALUES(64,'4',' Billiard - 4',2,'[{"changed": {"fields": ["Tags"]}}]',9,1,'2024-08-09 20:05:58.874134');
INSERT INTO "django_admin_log" VALUES(65,'1',' Acrobatic - 1',2,'[{"changed": {"fields": ["Tags"]}}]',9,1,'2024-08-09 20:06:07.647934');
INSERT INTO "django_admin_log" VALUES(66,'7',' Tennis - 7',2,'[{"changed": {"fields": ["Content"]}}]',9,1,'2024-08-10 17:30:13.329408');
INSERT INTO "django_admin_log" VALUES(67,'7',' Tennis - 7',2,'[{"changed": {"fields": ["Content"]}}]',9,1,'2024-08-10 17:39:23.128631');
INSERT INTO "django_admin_log" VALUES(68,'7',' Tennis - 7',2,'[{"changed": {"fields": ["Content"]}}]',9,1,'2024-08-10 17:47:16.602561');
INSERT INTO "django_admin_log" VALUES(69,'7',' Tennis - 7',2,'[{"changed": {"fields": ["Content"]}}]',9,1,'2024-08-10 17:47:35.156546');
INSERT INTO "django_admin_log" VALUES(70,'1','Comment object (1)',1,'[{"added": {}}]',19,1,'2024-08-11 17:21:10.780152');
INSERT INTO "django_admin_log" VALUES(71,'2',' وضعیت معلق',1,'[{"added": {}}]',19,1,'2024-08-11 17:45:29.367244');
INSERT INTO "django_admin_log" VALUES(72,'1',' Cool',2,'[{"changed": {"fields": ["Approved"]}}]',19,1,'2024-08-11 17:51:23.650368');
INSERT INTO "django_admin_log" VALUES(73,'1',' Cool',2,'[{"changed": {"fields": ["Approved"]}}]',19,1,'2024-08-11 17:53:53.362099');
INSERT INTO "django_admin_log" VALUES(74,'3',' ریست',2,'[{"changed": {"fields": ["Approved"]}}]',19,1,'2024-08-11 19:02:27.576764');
INSERT INTO "django_admin_log" VALUES(75,'4',' ssss',2,'[{"changed": {"fields": ["Approved"]}}]',19,1,'2024-08-11 19:11:34.089661');
INSERT INTO "django_admin_log" VALUES(76,'7',' Tennis - 7',2,'[{"changed": {"fields": ["Login require"]}}]',9,1,'2024-08-13 20:08:54.603992');
INSERT INTO "django_admin_log" VALUES(77,'8','aa',3,'',4,4,'2024-08-15 22:46:36.253544');
INSERT INTO "django_admin_log" VALUES(78,'7','al',3,'',4,4,'2024-08-15 22:46:36.387544');
INSERT INTO "django_admin_log" VALUES(79,'9','e',3,'',4,4,'2024-08-15 22:46:36.533185');
INSERT INTO "django_admin_log" VALUES(80,'5','erf',3,'',4,4,'2024-08-15 22:46:36.629570');
INSERT INTO "django_admin_log" VALUES(81,'6','erfa',3,'',4,4,'2024-08-15 22:46:36.752575');
INSERT INTO "django_admin_log" VALUES(82,'11','erfraz',3,'',4,4,'2024-08-15 22:46:36.877536');
INSERT INTO "django_admin_log" VALUES(83,'2','ghazal',3,'',4,4,'2024-08-15 22:46:37.021538');
INSERT INTO "django_admin_log" VALUES(84,'3','mehdi',3,'',4,4,'2024-08-15 22:46:37.140540');
INSERT INTO "django_admin_log" VALUES(85,'10','mmd',3,'',4,4,'2024-08-15 22:46:37.253308');
INSERT INTO "django_admin_log" VALUES(86,'14','ava',2,'[{"changed": {"fields": ["Staff status"]}}]',4,1,'2024-08-15 23:43:33.376714');
CREATE UNIQUE INDEX "auth_group_permissions_group_id_permission_id_0cd325b0_uniq" ON "auth_group_permissions" ("group_id", "permission_id");
CREATE INDEX IF NOT EXISTS "auth_group_permissions_group_id_b120cbf9" ON "auth_group_permissions" ("group_id");
CREATE INDEX IF NOT EXISTS "auth_group_permissions_permission_id_84c5c92e" ON "auth_group_permissions" ("permission_id");
CREATE UNIQUE INDEX "auth_user_groups_user_id_group_id_94350c0c_uniq" ON "auth_user_groups" ("user_id", "group_id");
CREATE INDEX IF NOT EXISTS "auth_user_groups_user_id_6a12ed8b" ON "auth_user_groups" ("user_id");
CREATE INDEX IF NOT EXISTS "auth_user_groups_group_id_97559544" ON "auth_user_groups" ("group_id");
CREATE UNIQUE INDEX "auth_user_user_permissions_user_id_permission_id_14a6b632_uniq" ON "auth_user_user_permissions" ("user_id", "permission_id");
CREATE INDEX IF NOT EXISTS "auth_user_user_permissions_user_id_a95ead1b" ON "auth_user_user_permissions" ("user_id");
CREATE INDEX IF NOT EXISTS "auth_user_user_permissions_permission_id_1fbb5f2c" ON "auth_user_user_permissions" ("permission_id");
CREATE INDEX IF NOT EXISTS "django_admin_log_content_type_id_c4bce8eb" ON "django_admin_log" ("content_type_id");
CREATE INDEX IF NOT EXISTS "django_admin_log_user_id_c564eba6" ON "django_admin_log" ("user_id");
CREATE UNIQUE INDEX "django_content_type_app_label_model_76bd3d3b_uniq" ON "django_content_type" ("app_label", "model");
CREATE UNIQUE INDEX "auth_permission_content_type_id_codename_01ab375a_uniq" ON "auth_permission" ("content_type_id", "codename");
CREATE INDEX IF NOT EXISTS "auth_permission_content_type_id_2f476e4b" ON "auth_permission" ("content_type_id");
CREATE INDEX IF NOT EXISTS "django_session_expire_date_a5c62663" ON "django_session" ("expire_date");
CREATE UNIQUE INDEX "blog_blogpost_category_blogpost_id_category_id_506de749_uniq" ON "blog_blogpost_category" ("blogpost_id", "category_id");
CREATE INDEX IF NOT EXISTS "blog_blogpost_category_blogpost_id_caf5507d" ON "blog_blogpost_category" ("blogpost_id");
CREATE INDEX IF NOT EXISTS "blog_blogpost_category_category_id_eaf33751" ON "blog_blogpost_category" ("category_id");
CREATE UNIQUE INDEX "robots_rule_sites_rule_id_site_id_093f04ea_uniq" ON "robots_rule_sites" ("rule_id", "site_id");
CREATE INDEX IF NOT EXISTS "robots_rule_sites_rule_id_7921a799" ON "robots_rule_sites" ("rule_id");
CREATE INDEX IF NOT EXISTS "robots_rule_sites_site_id_efe5be97" ON "robots_rule_sites" ("site_id");
CREATE UNIQUE INDEX "robots_rule_disallowed_rule_id_url_id_4d9b6222_uniq" ON "robots_rule_disallowed" ("rule_id", "url_id");
CREATE INDEX IF NOT EXISTS "robots_rule_disallowed_rule_id_fad7328c" ON "robots_rule_disallowed" ("rule_id");
CREATE INDEX IF NOT EXISTS "robots_rule_disallowed_url_id_8e02db92" ON "robots_rule_disallowed" ("url_id");
CREATE UNIQUE INDEX "robots_rule_allowed_rule_id_url_id_83b262d4_uniq" ON "robots_rule_allowed" ("rule_id", "url_id");
CREATE INDEX IF NOT EXISTS "robots_rule_allowed_rule_id_aa90358c" ON "robots_rule_allowed" ("rule_id");
CREATE INDEX IF NOT EXISTS "robots_rule_allowed_url_id_6157f60a" ON "robots_rule_allowed" ("url_id");
CREATE INDEX IF NOT EXISTS "taggit_taggeditem_object_id_e2d7d1df" ON "taggit_taggeditem" ("object_id");
CREATE INDEX IF NOT EXISTS "taggit_taggeditem_content_type_id_9957a03c" ON "taggit_taggeditem" ("content_type_id");
CREATE INDEX IF NOT EXISTS "taggit_taggeditem_tag_id_f4f5b767" ON "taggit_taggeditem" ("tag_id");
CREATE INDEX IF NOT EXISTS "taggit_tagg_content_8fc721_idx" ON "taggit_taggeditem" ("content_type_id", "object_id");
CREATE INDEX IF NOT EXISTS "blog_comment_post_id_580e96ef" ON "blog_comment" ("post_id");
CREATE INDEX IF NOT EXISTS "blog_blogpost_author_id_ffcc150f" ON "blog_blogpost" ("author_id");
CREATE TABLE IF NOT EXISTS "django_content_type" ("id" integer NOT NULL PRIMARY KEY AUTOINCREMENT, "app_label" varchar(100) NOT NULL, "model" varchar(100) NOT NULL);
INSERT INTO "django_content_type" VALUES(1,'admin','logentry');
INSERT INTO "django_content_type" VALUES(2,'auth','permission');
INSERT INTO "django_content_type" VALUES(3,'auth','group');
INSERT INTO "django_content_type" VALUES(4,'auth','user');
INSERT INTO "django_content_type" VALUES(5,'contenttypes','contenttype');
INSERT INTO "django_content_type" VALUES(6,'sessions','session');
INSERT INTO "django_content_type" VALUES(7,'index','blogpost');
INSERT INTO "django_content_type" VALUES(8,'index','contact');
INSERT INTO "django_content_type" VALUES(9,'blog','blogpost');
INSERT INTO "django_content_type" VALUES(10,'blog','category');
INSERT INTO "django_content_type" VALUES(11,'index','newsletter');
INSERT INTO "django_content_type" VALUES(12,'sites','site');
INSERT INTO "django_content_type" VALUES(13,'robots','rule');
INSERT INTO "django_content_type" VALUES(14,'robots','url');
INSERT INTO "django_content_type" VALUES(15,'taggit','tag');
INSERT INTO "django_content_type" VALUES(16,'taggit','taggeditem');
INSERT INTO "django_content_type" VALUES(17,'django_summernote','attachment');
INSERT INTO "django_content_type" VALUES(18,'captcha','captchastore');
INSERT INTO "django_content_type" VALUES(19,'blog','comment');
CREATE UNIQUE INDEX "auth_group_permissions_group_id_permission_id_0cd325b0_uniq" ON "auth_group_permissions" ("group_id", "permission_id");
CREATE INDEX IF NOT EXISTS "auth_group_permissions_group_id_b120cbf9" ON "auth_group_permissions" ("group_id");
CREATE INDEX IF NOT EXISTS "auth_group_permissions_permission_id_84c5c92e" ON "auth_group_permissions" ("permission_id");
CREATE UNIQUE INDEX "auth_user_groups_user_id_group_id_94350c0c_uniq" ON "auth_user_groups" ("user_id", "group_id");
CREATE INDEX IF NOT EXISTS "auth_user_groups_user_id_6a12ed8b" ON "auth_user_groups" ("user_id");
CREATE INDEX IF NOT EXISTS "auth_user_groups_group_id_97559544" ON "auth_user_groups" ("group_id");
CREATE UNIQUE INDEX "auth_user_user_permissions_user_id_permission_id_14a6b632_uniq" ON "auth_user_user_permissions" ("user_id", "permission_id");
CREATE INDEX IF NOT EXISTS "auth_user_user_permissions_user_id_a95ead1b" ON "auth_user_user_permissions" ("user_id");
CREATE INDEX IF NOT EXISTS "auth_user_user_permissions_permission_id_1fbb5f2c" ON "auth_user_user_permissions" ("permission_id");
CREATE INDEX IF NOT EXISTS "django_admin_log_content_type_id_c4bce8eb" ON "django_admin_log" ("content_type_id");
CREATE INDEX IF NOT EXISTS "django_admin_log_user_id_c564eba6" ON "django_admin_log" ("user_id");
CREATE UNIQUE INDEX "django_content_type_app_label_model_76bd3d3b_uniq" ON "django_content_type" ("app_label", "model");
CREATE UNIQUE INDEX "auth_permission_content_type_id_codename_01ab375a_uniq" ON "auth_permission" ("content_type_id", "codename");
CREATE INDEX IF NOT EXISTS "auth_permission_content_type_id_2f476e4b" ON "auth_permission" ("content_type_id");
CREATE INDEX IF NOT EXISTS "django_session_expire_date_a5c62663" ON "django_session" ("expire_date");
CREATE UNIQUE INDEX "blog_blogpost_category_blogpost_id_category_id_506de749_uniq" ON "blog_blogpost_category" ("blogpost_id", "category_id");
CREATE INDEX IF NOT EXISTS "blog_blogpost_category_blogpost_id_caf5507d" ON "blog_blogpost_category" ("blogpost_id");
CREATE INDEX IF NOT EXISTS "blog_blogpost_category_category_id_eaf33751" ON "blog_blogpost_category" ("category_id");
CREATE UNIQUE INDEX "robots_rule_sites_rule_id_site_id_093f04ea_uniq" ON "robots_rule_sites" ("rule_id", "site_id");
CREATE INDEX IF NOT EXISTS "robots_rule_sites_rule_id_7921a799" ON "robots_rule_sites" ("rule_id");
CREATE INDEX IF NOT EXISTS "robots_rule_sites_site_id_efe5be97" ON "robots_rule_sites" ("site_id");
CREATE UNIQUE INDEX "robots_rule_disallowed_rule_id_url_id_4d9b6222_uniq" ON "robots_rule_disallowed" ("rule_id", "url_id");
CREATE INDEX IF NOT EXISTS "robots_rule_disallowed_rule_id_fad7328c" ON "robots_rule_disallowed" ("rule_id");
CREATE INDEX IF NOT EXISTS "robots_rule_disallowed_url_id_8e02db92" ON "robots_rule_disallowed" ("url_id");
CREATE UNIQUE INDEX "robots_rule_allowed_rule_id_url_id_83b262d4_uniq" ON "robots_rule_allowed" ("rule_id", "url_id");
CREATE INDEX IF NOT EXISTS "robots_rule_allowed_rule_id_aa90358c" ON "robots_rule_allowed" ("rule_id");
CREATE INDEX IF NOT EXISTS "robots_rule_allowed_url_id_6157f60a" ON "robots_rule_allowed" ("url_id");
CREATE INDEX IF NOT EXISTS "taggit_taggeditem_object_id_e2d7d1df" ON "taggit_taggeditem" ("object_id");
CREATE INDEX IF NOT EXISTS "taggit_taggeditem_content_type_id_9957a03c" ON "taggit_taggeditem" ("content_type_id");
CREATE INDEX IF NOT EXISTS "taggit_taggeditem_tag_id_f4f5b767" ON "taggit_taggeditem" ("tag_id");
CREATE INDEX IF NOT EXISTS "taggit_tagg_content_8fc721_idx" ON "taggit_taggeditem" ("content_type_id", "object_id");
CREATE INDEX IF NOT EXISTS "blog_comment_post_id_580e96ef" ON "blog_comment" ("post_id");
CREATE INDEX IF NOT EXISTS "blog_blogpost_author_id_ffcc150f" ON "blog_blogpost" ("author_id");
CREATE TABLE IF NOT EXISTS "django_migrations" ("id" integer NOT NULL PRIMARY KEY AUTOINCREMENT, "app" varchar(255) NOT NULL, "name" varchar(255) NOT NULL, "applied" datetime NOT NULL);
INSERT INTO "django_migrations" VALUES(1,'contenttypes','0001_initial','2024-07-24 12:37:02.204226');
INSERT INTO "django_migrations" VALUES(2,'auth','0001_initial','2024-07-24 12:37:02.526244');
INSERT INTO "django_migrations" VALUES(3,'admin','0001_initial','2024-07-24 12:37:02.817749');
INSERT INTO "django_migrations" VALUES(4,'admin','0002_logentry_remove_auto_add','2024-07-24 12:37:02.933632');
INSERT INTO "django_migrations" VALUES(5,'admin','0003_logentry_add_action_flag_choices','2024-07-24 12:37:03.060292');
INSERT INTO "django_migrations" VALUES(6,'contenttypes','0002_remove_content_type_name','2024-07-24 12:37:03.255429');
INSERT INTO "django_migrations" VALUES(7,'auth','0002_alter_permission_name_max_length','2024-07-24 12:37:03.425635');
INSERT INTO "django_migrations" VALUES(8,'auth','0003_alter_user_email_max_length','2024-07-24 12:37:03.563537');
INSERT INTO "django_migrations" VALUES(9,'auth','0004_alter_user_username_opts','2024-07-24 12:37:03.690843');
INSERT INTO "django_migrations" VALUES(10,'auth','0005_alter_user_last_login_null','2024-07-24 12:37:03.811558');
INSERT INTO "django_migrations" VALUES(11,'auth','0006_require_contenttypes_0002','2024-07-24 12:37:03.934982');
INSERT INTO "django_migrations" VALUES(12,'auth','0007_alter_validators_add_error_messages','2024-07-24 12:37:04.049734');
INSERT INTO "django_migrations" VALUES(13,'auth','0008_alter_user_username_max_length','2024-07-24 12:37:04.192039');
INSERT INTO "django_migrations" VALUES(14,'auth','0009_alter_user_last_name_max_length','2024-07-24 12:37:04.310730');
INSERT INTO "django_migrations" VALUES(15,'auth','0010_alter_group_name_max_length','2024-07-24 12:37:04.454283');
INSERT INTO "django_migrations" VALUES(16,'auth','0011_update_proxy_permissions','2024-07-24 12:37:04.623991');
INSERT INTO "django_migrations" VALUES(17,'auth','0012_alter_user_first_name_max_length','2024-07-24 12:37:04.772099');
INSERT INTO "django_migrations" VALUES(18,'sessions','0001_initial','2024-07-24 12:37:04.999745');
INSERT INTO "django_migrations" VALUES(19,'index','0001_initial','2024-07-24 14:07:22.265178');
INSERT INTO "django_migrations" VALUES(20,'index','0002_delete_blogpost','2024-07-24 15:55:29.283296');
INSERT INTO "django_migrations" VALUES(21,'blog','0001_initial','2024-07-24 16:12:43.794430');
INSERT INTO "django_migrations" VALUES(22,'blog','0002_alter_blogpost_counted_view','2024-07-24 16:12:43.918418');
INSERT INTO "django_migrations" VALUES(23,'blog','0003_blogpost_published_date_alter_blogpost_counted_view_and_more','2024-07-24 16:12:44.088497');
INSERT INTO "django_migrations" VALUES(24,'index','0003_initial','2024-07-24 16:12:44.238098');
INSERT INTO "django_migrations" VALUES(25,'blog','0004_alter_blogpost_table_comment_blogpost_author','2024-07-27 22:32:05.435183');
INSERT INTO "django_migrations" VALUES(26,'blog','0005_blogpost_image_filed','2024-07-27 23:01:01.356641');
INSERT INTO "django_migrations" VALUES(27,'blog','0006_category_blogpost_category','2024-07-27 23:41:51.444356');
INSERT INTO "django_migrations" VALUES(28,'blog','0007_alter_blogpost_content','2024-08-08 15:25:43.233134');
INSERT INTO "django_migrations" VALUES(29,'index','0004_newsletter','2024-08-08 15:25:43.538138');
INSERT INTO "django_migrations" VALUES(30,'sites','0001_initial','2024-08-09 13:48:17.469745');
INSERT INTO "django_migrations" VALUES(31,'sites','0002_alter_domain_unique','2024-08-09 13:48:17.603346');
INSERT INTO "django_migrations" VALUES(32,'robots','0001_initial','2024-08-09 18:22:26.949928');
INSERT INTO "django_migrations" VALUES(33,'robots','0002_alter_id_fields','2024-08-09 18:22:27.088780');
INSERT INTO "django_migrations" VALUES(34,'index','0005_alter_contact_subject','2024-08-09 19:09:59.931205');
INSERT INTO "django_migrations" VALUES(35,'taggit','0001_initial','2024-08-09 20:01:59.559095');
INSERT INTO "django_migrations" VALUES(36,'taggit','0002_auto_20150616_2121','2024-08-09 20:01:59.638093');
INSERT INTO "django_migrations" VALUES(37,'taggit','0003_taggeditem_add_unique_index','2024-08-09 20:01:59.801098');
INSERT INTO "django_migrations" VALUES(38,'taggit','0004_alter_taggeditem_content_type_alter_taggeditem_tag','2024-08-09 20:02:00.174095');
INSERT INTO "django_migrations" VALUES(39,'taggit','0005_auto_20220424_2025','2024-08-09 20:02:00.301093');
INSERT INTO "django_migrations" VALUES(40,'taggit','0006_rename_taggeditem_content_type_object_id_taggit_tagg_content_8fc721_idx','2024-08-09 20:02:00.575367');
INSERT INTO "django_migrations" VALUES(41,'blog','0008_blogpost_tags','2024-08-09 20:04:00.174079');
INSERT INTO "django_migrations" VALUES(42,'django_summernote','0001_initial','2024-08-10 16:49:14.800275');
INSERT INTO "django_migrations" VALUES(43,'django_summernote','0002_update-help_text','2024-08-10 16:49:14.938499');
INSERT INTO "django_migrations" VALUES(44,'captcha','0001_initial','2024-08-10 17:51:18.818967');
INSERT INTO "django_migrations" VALUES(45,'captcha','0002_alter_captchastore_id','2024-08-10 17:51:18.949080');
INSERT INTO "django_migrations" VALUES(46,'django_summernote','0003_alter_attachment_id','2024-08-10 19:05:13.521165');
INSERT INTO "django_migrations" VALUES(47,'blog','0009_comment','2024-08-11 17:18:43.342292');
INSERT INTO "django_migrations" VALUES(48,'blog','0010_rename_psot_comment_post','2024-08-11 17:30:04.089803');
INSERT INTO "django_migrations" VALUES(49,'blog','0011_alter_comment_options_alter_comment_name','2024-08-13 19:52:26.732040');
INSERT INTO "django_migrations" VALUES(50,'blog','0012_blogpost_login_require','2024-08-13 19:52:26.985291');
CREATE UNIQUE INDEX "auth_group_permissions_group_id_permission_id_0cd325b0_uniq" ON "auth_group_permissions" ("group_id", "permission_id");
CREATE INDEX IF NOT EXISTS "auth_group_permissions_group_id_b120cbf9" ON "auth_group_permissions" ("group_id");
CREATE INDEX IF NOT EXISTS "auth_group_permissions_permission_id_84c5c92e" ON "auth_group_permissions" ("permission_id");
CREATE UNIQUE INDEX "auth_user_groups_user_id_group_id_94350c0c_uniq" ON "auth_user_groups" ("user_id", "group_id");
CREATE INDEX IF NOT EXISTS "auth_user_groups_user_id_6a12ed8b" ON "auth_user_groups" ("user_id");
CREATE INDEX IF NOT EXISTS "auth_user_groups_group_id_97559544" ON "auth_user_groups" ("group_id");
CREATE UNIQUE INDEX "auth_user_user_permissions_user_id_permission_id_14a6b632_uniq" ON "auth_user_user_permissions" ("user_id", "permission_id");
CREATE INDEX IF NOT EXISTS "auth_user_user_permissions_user_id_a95ead1b" ON "auth_user_user_permissions" ("user_id");
CREATE INDEX IF NOT EXISTS "auth_user_user_permissions_permission_id_1fbb5f2c" ON "auth_user_user_permissions" ("permission_id");
CREATE INDEX IF NOT EXISTS "django_admin_log_content_type_id_c4bce8eb" ON "django_admin_log" ("content_type_id");
CREATE INDEX IF NOT EXISTS "django_admin_log_user_id_c564eba6" ON "django_admin_log" ("user_id");
CREATE UNIQUE INDEX "django_content_type_app_label_model_76bd3d3b_uniq" ON "django_content_type" ("app_label", "model");
CREATE UNIQUE INDEX "auth_permission_content_type_id_codename_01ab375a_uniq" ON "auth_permission" ("content_type_id", "codename");
CREATE INDEX IF NOT EXISTS "auth_permission_content_type_id_2f476e4b" ON "auth_permission" ("content_type_id");
CREATE INDEX IF NOT EXISTS "django_session_expire_date_a5c62663" ON "django_session" ("expire_date");
CREATE UNIQUE INDEX "blog_blogpost_category_blogpost_id_category_id_506de749_uniq" ON "blog_blogpost_category" ("blogpost_id", "category_id");
CREATE INDEX IF NOT EXISTS "blog_blogpost_category_blogpost_id_caf5507d" ON "blog_blogpost_category" ("blogpost_id");
CREATE INDEX IF NOT EXISTS "blog_blogpost_category_category_id_eaf33751" ON "blog_blogpost_category" ("category_id");
CREATE UNIQUE INDEX "robots_rule_sites_rule_id_site_id_093f04ea_uniq" ON "robots_rule_sites" ("rule_id", "site_id");
CREATE INDEX IF NOT EXISTS "robots_rule_sites_rule_id_7921a799" ON "robots_rule_sites" ("rule_id");
CREATE INDEX IF NOT EXISTS "robots_rule_sites_site_id_efe5be97" ON "robots_rule_sites" ("site_id");
CREATE UNIQUE INDEX "robots_rule_disallowed_rule_id_url_id_4d9b6222_uniq" ON "robots_rule_disallowed" ("rule_id", "url_id");
CREATE INDEX IF NOT EXISTS "robots_rule_disallowed_rule_id_fad7328c" ON "robots_rule_disallowed" ("rule_id");
CREATE INDEX IF NOT EXISTS "robots_rule_disallowed_url_id_8e02db92" ON "robots_rule_disallowed" ("url_id");
CREATE UNIQUE INDEX "robots_rule_allowed_rule_id_url_id_83b262d4_uniq" ON "robots_rule_allowed" ("rule_id", "url_id");
CREATE INDEX IF NOT EXISTS "robots_rule_allowed_rule_id_aa90358c" ON "robots_rule_allowed" ("rule_id");
CREATE INDEX IF NOT EXISTS "robots_rule_allowed_url_id_6157f60a" ON "robots_rule_allowed" ("url_id");
CREATE INDEX IF NOT EXISTS "taggit_taggeditem_object_id_e2d7d1df" ON "taggit_taggeditem" ("object_id");
CREATE INDEX IF NOT EXISTS "taggit_taggeditem_content_type_id_9957a03c" ON "taggit_taggeditem" ("content_type_id");
CREATE INDEX IF NOT EXISTS "taggit_taggeditem_tag_id_f4f5b767" ON "taggit_taggeditem" ("tag_id");
CREATE INDEX IF NOT EXISTS "taggit_tagg_content_8fc721_idx" ON "taggit_taggeditem" ("content_type_id", "object_id");
CREATE INDEX IF NOT EXISTS "blog_comment_post_id_580e96ef" ON "blog_comment" ("post_id");
CREATE INDEX IF NOT EXISTS "blog_blogpost_author_id_ffcc150f" ON "blog_blogpost" ("author_id");
CREATE TABLE IF NOT EXISTS "django_session" ("session_key" varchar(40) NOT NULL PRIMARY KEY, "session_data" text NOT NULL, "expire_date" datetime NOT NULL);
INSERT INTO "django_session" VALUES('ocsis5wb9w6tjpxwvhwdgp93n12dtftc','.eJxVjDsOwjAQBe_iGlnxbx1T0ucM1tq74ACypTipEHeHSCmgfTPzXiLitpa4dV7iTOIslDj9bgnzg-sO6I711mRudV3mJHdFHrTLqRE_L4f7d1Cwl29tNWTjB7QcrKJgEFIgYO9yBgIXjFPJGOsdwOCVJ7Y0jtektVJonEvi_QHDeDbq:1sWc0Z:OnozrFZRNzMBrtYqmUYFzIEi5EOE3p_Lr6GEdYolD5U','2024-08-07 13:26:19.939793');
INSERT INTO "django_session" VALUES('yl0myjcskuw8wwufoa5yry228foul38b','.eJxVjDsOwjAQBe_iGlnxbx1T0ucM1tq74ACypTipEHeHSCmgfTPzXiLitpa4dV7iTOIslDj9bgnzg-sO6I711mRudV3mJHdFHrTLqRE_L4f7d1Cwl29tNWTjB7QcrKJgEFIgYO9yBgIXjFPJGOsdwOCVJ7Y0jtektVJonEvi_QHDeDbq:1scrt1:0PrZAOn4WrUt1mFICaJ5eiI7dfuEMqXcQJp8uvpDYMA','2024-08-24 19:36:23.667959');
INSERT INTO "django_session" VALUES('sugddcnmtno995f9qmf78refodkzpuyp','.eJxVjMsOwiAURP-FtSFNKRdw6d5vINwHUjU0Ke2q8d9tky50NcmcM7OpmNalxLXJHEdWVzWoy2-HiV5SD8DPVB-Tpqku84j6UPRJm75PLO_b6f4dlNTKvoYAQ-YsnJiJwDNil50jsOjB9mhMQADTeWH2iSSj3dOLC-xcgF59viDxOSI:1sdZye:FV6tpZjLn9hKtYG3mja5nPssd7rpWvkaO3zKInUQYIQ','2024-08-26 18:41:08.316061');
CREATE UNIQUE INDEX "auth_group_permissions_group_id_permission_id_0cd325b0_uniq" ON "auth_group_permissions" ("group_id", "permission_id");
CREATE INDEX IF NOT EXISTS "auth_group_permissions_group_id_b120cbf9" ON "auth_group_permissions" ("group_id");
CREATE INDEX IF NOT EXISTS "auth_group_permissions_permission_id_84c5c92e" ON "auth_group_permissions" ("permission_id");
CREATE UNIQUE INDEX "auth_user_groups_user_id_group_id_94350c0c_uniq" ON "auth_user_groups" ("user_id", "group_id");
CREATE INDEX IF NOT EXISTS "auth_user_groups_user_id_6a12ed8b" ON "auth_user_groups" ("user_id");
CREATE INDEX IF NOT EXISTS "auth_user_groups_group_id_97559544" ON "auth_user_groups" ("group_id");
CREATE UNIQUE INDEX "auth_user_user_permissions_user_id_permission_id_14a6b632_uniq" ON "auth_user_user_permissions" ("user_id", "permission_id");
CREATE INDEX IF NOT EXISTS "auth_user_user_permissions_user_id_a95ead1b" ON "auth_user_user_permissions" ("user_id");
CREATE INDEX IF NOT EXISTS "auth_user_user_permissions_permission_id_1fbb5f2c" ON "auth_user_user_permissions" ("permission_id");
CREATE INDEX IF NOT EXISTS "django_admin_log_content_type_id_c4bce8eb" ON "django_admin_log" ("content_type_id");
CREATE INDEX IF NOT EXISTS "django_admin_log_user_id_c564eba6" ON "django_admin_log" ("user_id");
CREATE UNIQUE INDEX "django_content_type_app_label_model_76bd3d3b_uniq" ON "django_content_type" ("app_label", "model");
CREATE UNIQUE INDEX "auth_permission_content_type_id_codename_01ab375a_uniq" ON "auth_permission" ("content_type_id", "codename");
CREATE INDEX IF NOT EXISTS "auth_permission_content_type_id_2f476e4b" ON "auth_permission" ("content_type_id");
CREATE INDEX IF NOT EXISTS "django_session_expire_date_a5c62663" ON "django_session" ("expire_date");
CREATE UNIQUE INDEX "blog_blogpost_category_blogpost_id_category_id_506de749_uniq" ON "blog_blogpost_category" ("blogpost_id", "category_id");
CREATE INDEX IF NOT EXISTS "blog_blogpost_category_blogpost_id_caf5507d" ON "blog_blogpost_category" ("blogpost_id");
CREATE INDEX IF NOT EXISTS "blog_blogpost_category_category_id_eaf33751" ON "blog_blogpost_category" ("category_id");
CREATE UNIQUE INDEX "robots_rule_sites_rule_id_site_id_093f04ea_uniq" ON "robots_rule_sites" ("rule_id", "site_id");
CREATE INDEX IF NOT EXISTS "robots_rule_sites_rule_id_7921a799" ON "robots_rule_sites" ("rule_id");
CREATE INDEX IF NOT EXISTS "robots_rule_sites_site_id_efe5be97" ON "robots_rule_sites" ("site_id");
CREATE UNIQUE INDEX "robots_rule_disallowed_rule_id_url_id_4d9b6222_uniq" ON "robots_rule_disallowed" ("rule_id", "url_id");
CREATE INDEX IF NOT EXISTS "robots_rule_disallowed_rule_id_fad7328c" ON "robots_rule_disallowed" ("rule_id");
CREATE INDEX IF NOT EXISTS "robots_rule_disallowed_url_id_8e02db92" ON "robots_rule_disallowed" ("url_id");
CREATE UNIQUE INDEX "robots_rule_allowed_rule_id_url_id_83b262d4_uniq" ON "robots_rule_allowed" ("rule_id", "url_id");
CREATE INDEX IF NOT EXISTS "robots_rule_allowed_rule_id_aa90358c" ON "robots_rule_allowed" ("rule_id");
CREATE INDEX IF NOT EXISTS "robots_rule_allowed_url_id_6157f60a" ON "robots_rule_allowed" ("url_id");
CREATE INDEX IF NOT EXISTS "taggit_taggeditem_object_id_e2d7d1df" ON "taggit_taggeditem" ("object_id");
CREATE INDEX IF NOT EXISTS "taggit_taggeditem_content_type_id_9957a03c" ON "taggit_taggeditem" ("content_type_id");
CREATE INDEX IF NOT EXISTS "taggit_taggeditem_tag_id_f4f5b767" ON "taggit_taggeditem" ("tag_id");
CREATE INDEX IF NOT EXISTS "taggit_tagg_content_8fc721_idx" ON "taggit_taggeditem" ("content_type_id", "object_id");
CREATE INDEX IF NOT EXISTS "blog_comment_post_id_580e96ef" ON "blog_comment" ("post_id");
CREATE INDEX IF NOT EXISTS "blog_blogpost_author_id_ffcc150f" ON "blog_blogpost" ("author_id");
CREATE TABLE IF NOT EXISTS "django_site" ("id" integer NOT NULL PRIMARY KEY AUTOINCREMENT, "name" varchar(50) NOT NULL, "domain" varchar(100) NOT NULL UNIQUE);
INSERT INTO "django_site" VALUES(1,'example.com','example.com');
INSERT INTO "django_site" VALUES(2,'Local','127.0.0.1:8000');
CREATE UNIQUE INDEX "auth_group_permissions_group_id_permission_id_0cd325b0_uniq" ON "auth_group_permissions" ("group_id", "permission_id");
CREATE INDEX IF NOT EXISTS "auth_group_permissions_group_id_b120cbf9" ON "auth_group_permissions" ("group_id");
CREATE INDEX IF NOT EXISTS "auth_group_permissions_permission_id_84c5c92e" ON "auth_group_permissions" ("permission_id");
CREATE UNIQUE INDEX "auth_user_groups_user_id_group_id_94350c0c_uniq" ON "auth_user_groups" ("user_id", "group_id");
CREATE INDEX IF NOT EXISTS "auth_user_groups_user_id_6a12ed8b" ON "auth_user_groups" ("user_id");
CREATE INDEX IF NOT EXISTS "auth_user_groups_group_id_97559544" ON "auth_user_groups" ("group_id");
CREATE UNIQUE INDEX "auth_user_user_permissions_user_id_permission_id_14a6b632_uniq" ON "auth_user_user_permissions" ("user_id", "permission_id");
CREATE INDEX IF NOT EXISTS "auth_user_user_permissions_user_id_a95ead1b" ON "auth_user_user_permissions" ("user_id");
CREATE INDEX IF NOT EXISTS "auth_user_user_permissions_permission_id_1fbb5f2c" ON "auth_user_user_permissions" ("permission_id");
CREATE INDEX IF NOT EXISTS "django_admin_log_content_type_id_c4bce8eb" ON "django_admin_log" ("content_type_id");
CREATE INDEX IF NOT EXISTS "django_admin_log_user_id_c564eba6" ON "django_admin_log" ("user_id");
CREATE UNIQUE INDEX "django_content_type_app_label_model_76bd3d3b_uniq" ON "django_content_type" ("app_label", "model");
CREATE UNIQUE INDEX "auth_permission_content_type_id_codename_01ab375a_uniq" ON "auth_permission" ("content_type_id", "codename");
CREATE INDEX IF NOT EXISTS "auth_permission_content_type_id_2f476e4b" ON "auth_permission" ("content_type_id");
CREATE INDEX IF NOT EXISTS "django_session_expire_date_a5c62663" ON "django_session" ("expire_date");
CREATE UNIQUE INDEX "blog_blogpost_category_blogpost_id_category_id_506de749_uniq" ON "blog_blogpost_category" ("blogpost_id", "category_id");
CREATE INDEX IF NOT EXISTS "blog_blogpost_category_blogpost_id_caf5507d" ON "blog_blogpost_category" ("blogpost_id");
CREATE INDEX IF NOT EXISTS "blog_blogpost_category_category_id_eaf33751" ON "blog_blogpost_category" ("category_id");
CREATE UNIQUE INDEX "robots_rule_sites_rule_id_site_id_093f04ea_uniq" ON "robots_rule_sites" ("rule_id", "site_id");
CREATE INDEX IF NOT EXISTS "robots_rule_sites_rule_id_7921a799" ON "robots_rule_sites" ("rule_id");
CREATE INDEX IF NOT EXISTS "robots_rule_sites_site_id_efe5be97" ON "robots_rule_sites" ("site_id");
CREATE UNIQUE INDEX "robots_rule_disallowed_rule_id_url_id_4d9b6222_uniq" ON "robots_rule_disallowed" ("rule_id", "url_id");
CREATE INDEX IF NOT EXISTS "robots_rule_disallowed_rule_id_fad7328c" ON "robots_rule_disallowed" ("rule_id");
CREATE INDEX IF NOT EXISTS "robots_rule_disallowed_url_id_8e02db92" ON "robots_rule_disallowed" ("url_id");
CREATE UNIQUE INDEX "robots_rule_allowed_rule_id_url_id_83b262d4_uniq" ON "robots_rule_allowed" ("rule_id", "url_id");
CREATE INDEX IF NOT EXISTS "robots_rule_allowed_rule_id_aa90358c" ON "robots_rule_allowed" ("rule_id");
CREATE INDEX IF NOT EXISTS "robots_rule_allowed_url_id_6157f60a" ON "robots_rule_allowed" ("url_id");
CREATE INDEX IF NOT EXISTS "taggit_taggeditem_object_id_e2d7d1df" ON "taggit_taggeditem" ("object_id");
CREATE INDEX IF NOT EXISTS "taggit_taggeditem_content_type_id_9957a03c" ON "taggit_taggeditem" ("content_type_id");
CREATE INDEX IF NOT EXISTS "taggit_taggeditem_tag_id_f4f5b767" ON "taggit_taggeditem" ("tag_id");
CREATE INDEX IF NOT EXISTS "taggit_tagg_content_8fc721_idx" ON "taggit_taggeditem" ("content_type_id", "object_id");
CREATE INDEX IF NOT EXISTS "blog_comment_post_id_580e96ef" ON "blog_comment" ("post_id");
CREATE INDEX IF NOT EXISTS "blog_blogpost_author_id_ffcc150f" ON "blog_blogpost" ("author_id");
CREATE TABLE IF NOT EXISTS "django_summernote_attachment" ("id" integer NOT NULL PRIMARY KEY AUTOINCREMENT, "name" varchar(255) NULL, "file" varchar(100) NOT NULL, "uploaded" datetime NOT NULL);
INSERT INTO "django_summernote_attachment" VALUES(1,'Pallet-recognition-process-based-on-deep-learning.png','django-summernote/2024-08-10/ec2b0b55-661f-47f3-ba60-b7c8a51d1318.png','2024-08-10 17:39:00.867411');
CREATE UNIQUE INDEX "auth_group_permissions_group_id_permission_id_0cd325b0_uniq" ON "auth_group_permissions" ("group_id", "permission_id");
CREATE INDEX IF NOT EXISTS "auth_group_permissions_group_id_b120cbf9" ON "auth_group_permissions" ("group_id");
CREATE INDEX IF NOT EXISTS "auth_group_permissions_permission_id_84c5c92e" ON "auth_group_permissions" ("permission_id");
CREATE UNIQUE INDEX "auth_user_groups_user_id_group_id_94350c0c_uniq" ON "auth_user_groups" ("user_id", "group_id");
CREATE INDEX IF NOT EXISTS "auth_user_groups_user_id_6a12ed8b" ON "auth_user_groups" ("user_id");
CREATE INDEX IF NOT EXISTS "auth_user_groups_group_id_97559544" ON "auth_user_groups" ("group_id");
CREATE UNIQUE INDEX "auth_user_user_permissions_user_id_permission_id_14a6b632_uniq" ON "auth_user_user_permissions" ("user_id", "permission_id");
CREATE INDEX IF NOT EXISTS "auth_user_user_permissions_user_id_a95ead1b" ON "auth_user_user_permissions" ("user_id");
CREATE INDEX IF NOT EXISTS "auth_user_user_permissions_permission_id_1fbb5f2c" ON "auth_user_user_permissions" ("permission_id");
CREATE INDEX IF NOT EXISTS "django_admin_log_content_type_id_c4bce8eb" ON "django_admin_log" ("content_type_id");
CREATE INDEX IF NOT EXISTS "django_admin_log_user_id_c564eba6" ON "django_admin_log" ("user_id");
CREATE UNIQUE INDEX "django_content_type_app_label_model_76bd3d3b_uniq" ON "django_content_type" ("app_label", "model");
CREATE UNIQUE INDEX "auth_permission_content_type_id_codename_01ab375a_uniq" ON "auth_permission" ("content_type_id", "codename");
CREATE INDEX IF NOT EXISTS "auth_permission_content_type_id_2f476e4b" ON "auth_permission" ("content_type_id");
CREATE INDEX IF NOT EXISTS "django_session_expire_date_a5c62663" ON "django_session" ("expire_date");
CREATE UNIQUE INDEX "blog_blogpost_category_blogpost_id_category_id_506de749_uniq" ON "blog_blogpost_category" ("blogpost_id", "category_id");
CREATE INDEX IF NOT EXISTS "blog_blogpost_category_blogpost_id_caf5507d" ON "blog_blogpost_category" ("blogpost_id");
CREATE INDEX IF NOT EXISTS "blog_blogpost_category_category_id_eaf33751" ON "blog_blogpost_category" ("category_id");
CREATE UNIQUE INDEX "robots_rule_sites_rule_id_site_id_093f04ea_uniq" ON "robots_rule_sites" ("rule_id", "site_id");
CREATE INDEX IF NOT EXISTS "robots_rule_sites_rule_id_7921a799" ON "robots_rule_sites" ("rule_id");
CREATE INDEX IF NOT EXISTS "robots_rule_sites_site_id_efe5be97" ON "robots_rule_sites" ("site_id");
CREATE UNIQUE INDEX "robots_rule_disallowed_rule_id_url_id_4d9b6222_uniq" ON "robots_rule_disallowed" ("rule_id", "url_id");
CREATE INDEX IF NOT EXISTS "robots_rule_disallowed_rule_id_fad7328c" ON "robots_rule_disallowed" ("rule_id");
CREATE INDEX IF NOT EXISTS "robots_rule_disallowed_url_id_8e02db92" ON "robots_rule_disallowed" ("url_id");
CREATE UNIQUE INDEX "robots_rule_allowed_rule_id_url_id_83b262d4_uniq" ON "robots_rule_allowed" ("rule_id", "url_id");
CREATE INDEX IF NOT EXISTS "robots_rule_allowed_rule_id_aa90358c" ON "robots_rule_allowed" ("rule_id");
CREATE INDEX IF NOT EXISTS "robots_rule_allowed_url_id_6157f60a" ON "robots_rule_allowed" ("url_id");
CREATE INDEX IF NOT EXISTS "taggit_taggeditem_object_id_e2d7d1df" ON "taggit_taggeditem" ("object_id");
CREATE INDEX IF NOT EXISTS "taggit_taggeditem_content_type_id_9957a03c" ON "taggit_taggeditem" ("content_type_id");
CREATE INDEX IF NOT EXISTS "taggit_taggeditem_tag_id_f4f5b767" ON "taggit_taggeditem" ("tag_id");
CREATE INDEX IF NOT EXISTS "taggit_tagg_content_8fc721_idx" ON "taggit_taggeditem" ("content_type_id", "object_id");
CREATE INDEX IF NOT EXISTS "blog_comment_post_id_580e96ef" ON "blog_comment" ("post_id");
CREATE INDEX IF NOT EXISTS "blog_blogpost_author_id_ffcc150f" ON "blog_blogpost" ("author_id");
CREATE TABLE IF NOT EXISTS "index_contact" ("id" integer NOT NULL PRIMARY KEY AUTOINCREMENT, "name" varchar(50) NOT NULL, "subject" varchar(255) NOT NULL, "email" varchar(254) NOT NULL, "message" text NOT NULL, "created_date" datetime NOT NULL, "updated_date" datetime NOT NULL);
INSERT INTO "index_contact" VALUES(21,'*unknown*','','razavierfan27@gmail.com','ss','2024-08-08 19:28:51.800707','2024-08-08 19:28:51.800707');
INSERT INTO "index_contact" VALUES(22,'*unknown*','','erfan6235@gmail.com','ddd','2024-08-08 19:30:26.499216','2024-08-08 19:30:26.499216');
INSERT INTO "index_contact" VALUES(23,'*unknown*','','erfan6235@gmail.com','ss','2024-08-09 13:38:02.596114','2024-08-09 13:38:02.596114');
INSERT INTO "index_contact" VALUES(24,'*unknown*','','razavierfan27@gmail.com','sdfsdfds','2024-08-10 18:41:33.759483','2024-08-10 18:41:33.759483');
INSERT INTO "index_contact" VALUES(25,'*unknown*','','razavierfan27@gmail.com','SSS','2024-08-10 18:50:28.433571','2024-08-10 18:50:28.433571');
CREATE UNIQUE INDEX "auth_group_permissions_group_id_permission_id_0cd325b0_uniq" ON "auth_group_permissions" ("group_id", "permission_id");
CREATE INDEX IF NOT EXISTS "auth_group_permissions_group_id_b120cbf9" ON "auth_group_permissions" ("group_id");
CREATE INDEX IF NOT EXISTS "auth_group_permissions_permission_id_84c5c92e" ON "auth_group_permissions" ("permission_id");
CREATE UNIQUE INDEX "auth_user_groups_user_id_group_id_94350c0c_uniq" ON "auth_user_groups" ("user_id", "group_id");
CREATE INDEX IF NOT EXISTS "auth_user_groups_user_id_6a12ed8b" ON "auth_user_groups" ("user_id");
CREATE INDEX IF NOT EXISTS "auth_user_groups_group_id_97559544" ON "auth_user_groups" ("group_id");
CREATE UNIQUE INDEX "auth_user_user_permissions_user_id_permission_id_14a6b632_uniq" ON "auth_user_user_permissions" ("user_id", "permission_id");
CREATE INDEX IF NOT EXISTS "auth_user_user_permissions_user_id_a95ead1b" ON "auth_user_user_permissions" ("user_id");
CREATE INDEX IF NOT EXISTS "auth_user_user_permissions_permission_id_1fbb5f2c" ON "auth_user_user_permissions" ("permission_id");
CREATE INDEX IF NOT EXISTS "django_admin_log_content_type_id_c4bce8eb" ON "django_admin_log" ("content_type_id");
CREATE INDEX IF NOT EXISTS "django_admin_log_user_id_c564eba6" ON "django_admin_log" ("user_id");
CREATE UNIQUE INDEX "django_content_type_app_label_model_76bd3d3b_uniq" ON "django_content_type" ("app_label", "model");
CREATE UNIQUE INDEX "auth_permission_content_type_id_codename_01ab375a_uniq" ON "auth_permission" ("content_type_id", "codename");
CREATE INDEX IF NOT EXISTS "auth_permission_content_type_id_2f476e4b" ON "auth_permission" ("content_type_id");
CREATE INDEX IF NOT EXISTS "django_session_expire_date_a5c62663" ON "django_session" ("expire_date");
CREATE UNIQUE INDEX "blog_blogpost_category_blogpost_id_category_id_506de749_uniq" ON "blog_blogpost_category" ("blogpost_id", "category_id");
CREATE INDEX IF NOT EXISTS "blog_blogpost_category_blogpost_id_caf5507d" ON "blog_blogpost_category" ("blogpost_id");
CREATE INDEX IF NOT EXISTS "blog_blogpost_category_category_id_eaf33751" ON "blog_blogpost_category" ("category_id");
CREATE UNIQUE INDEX "robots_rule_sites_rule_id_site_id_093f04ea_uniq" ON "robots_rule_sites" ("rule_id", "site_id");
CREATE INDEX IF NOT EXISTS "robots_rule_sites_rule_id_7921a799" ON "robots_rule_sites" ("rule_id");
CREATE INDEX IF NOT EXISTS "robots_rule_sites_site_id_efe5be97" ON "robots_rule_sites" ("site_id");
CREATE UNIQUE INDEX "robots_rule_disallowed_rule_id_url_id_4d9b6222_uniq" ON "robots_rule_disallowed" ("rule_id", "url_id");
CREATE INDEX IF NOT EXISTS "robots_rule_disallowed_rule_id_fad7328c" ON "robots_rule_disallowed" ("rule_id");
CREATE INDEX IF NOT EXISTS "robots_rule_disallowed_url_id_8e02db92" ON "robots_rule_disallowed" ("url_id");
CREATE UNIQUE INDEX "robots_rule_allowed_rule_id_url_id_83b262d4_uniq" ON "robots_rule_allowed" ("rule_id", "url_id");
CREATE INDEX IF NOT EXISTS "robots_rule_allowed_rule_id_aa90358c" ON "robots_rule_allowed" ("rule_id");
CREATE INDEX IF NOT EXISTS "robots_rule_allowed_url_id_6157f60a" ON "robots_rule_allowed" ("url_id");
CREATE INDEX IF NOT EXISTS "taggit_taggeditem_object_id_e2d7d1df" ON "taggit_taggeditem" ("object_id");
CREATE INDEX IF NOT EXISTS "taggit_taggeditem_content_type_id_9957a03c" ON "taggit_taggeditem" ("content_type_id");
CREATE INDEX IF NOT EXISTS "taggit_taggeditem_tag_id_f4f5b767" ON "taggit_taggeditem" ("tag_id");
CREATE INDEX IF NOT EXISTS "taggit_tagg_content_8fc721_idx" ON "taggit_taggeditem" ("content_type_id", "object_id");
CREATE INDEX IF NOT EXISTS "blog_comment_post_id_580e96ef" ON "blog_comment" ("post_id");
CREATE INDEX IF NOT EXISTS "blog_blogpost_author_id_ffcc150f" ON "blog_blogpost" ("author_id");
CREATE TABLE IF NOT EXISTS "index_newsletter" ("id" integer NOT NULL PRIMARY KEY AUTOINCREMENT, "email" varchar(254) NOT NULL);
INSERT INTO "index_newsletter" VALUES(1,'razavierfan27@gmail.com');
INSERT INTO "index_newsletter" VALUES(2,'erfan6235@gmail.com');
INSERT INTO "index_newsletter" VALUES(3,'erfan6235@gmail.com');
INSERT INTO "index_newsletter" VALUES(4,'erfan6235@gmail.com');
INSERT INTO "index_newsletter" VALUES(5,'erfan6235@gmail.com');
INSERT INTO "index_newsletter" VALUES(6,'razavierfan27@gmail.com');
INSERT INTO "index_newsletter" VALUES(7,'erfan6235@gmail.com');
INSERT INTO "index_newsletter" VALUES(8,'erfan6235@gmail.com');
CREATE UNIQUE INDEX "auth_group_permissions_group_id_permission_id_0cd325b0_uniq" ON "auth_group_permissions" ("group_id", "permission_id");
CREATE INDEX IF NOT EXISTS "auth_group_permissions_group_id_b120cbf9" ON "auth_group_permissions" ("group_id");
CREATE INDEX IF NOT EXISTS "auth_group_permissions_permission_id_84c5c92e" ON "auth_group_permissions" ("permission_id");
CREATE UNIQUE INDEX "auth_user_groups_user_id_group_id_94350c0c_uniq" ON "auth_user_groups" ("user_id", "group_id");
CREATE INDEX IF NOT EXISTS "auth_user_groups_user_id_6a12ed8b" ON "auth_user_groups" ("user_id");
CREATE INDEX IF NOT EXISTS "auth_user_groups_group_id_97559544" ON "auth_user_groups" ("group_id");
CREATE UNIQUE INDEX "auth_user_user_permissions_user_id_permission_id_14a6b632_uniq" ON "auth_user_user_permissions" ("user_id", "permission_id");
CREATE INDEX IF NOT EXISTS "auth_user_user_permissions_user_id_a95ead1b" ON "auth_user_user_permissions" ("user_id");
CREATE INDEX IF NOT EXISTS "auth_user_user_permissions_permission_id_1fbb5f2c" ON "auth_user_user_permissions" ("permission_id");
CREATE INDEX IF NOT EXISTS "django_admin_log_content_type_id_c4bce8eb" ON "django_admin_log" ("content_type_id");
CREATE INDEX IF NOT EXISTS "django_admin_log_user_id_c564eba6" ON "django_admin_log" ("user_id");
CREATE UNIQUE INDEX "django_content_type_app_label_model_76bd3d3b_uniq" ON "django_content_type" ("app_label", "model");
CREATE UNIQUE INDEX "auth_permission_content_type_id_codename_01ab375a_uniq" ON "auth_permission" ("content_type_id", "codename");
CREATE INDEX IF NOT EXISTS "auth_permission_content_type_id_2f476e4b" ON "auth_permission" ("content_type_id");
CREATE INDEX IF NOT EXISTS "django_session_expire_date_a5c62663" ON "django_session" ("expire_date");
CREATE UNIQUE INDEX "blog_blogpost_category_blogpost_id_category_id_506de749_uniq" ON "blog_blogpost_category" ("blogpost_id", "category_id");
CREATE INDEX IF NOT EXISTS "blog_blogpost_category_blogpost_id_caf5507d" ON "blog_blogpost_category" ("blogpost_id");
CREATE INDEX IF NOT EXISTS "blog_blogpost_category_category_id_eaf33751" ON "blog_blogpost_category" ("category_id");
CREATE UNIQUE INDEX "robots_rule_sites_rule_id_site_id_093f04ea_uniq" ON "robots_rule_sites" ("rule_id", "site_id");
CREATE INDEX IF NOT EXISTS "robots_rule_sites_rule_id_7921a799" ON "robots_rule_sites" ("rule_id");
CREATE INDEX IF NOT EXISTS "robots_rule_sites_site_id_efe5be97" ON "robots_rule_sites" ("site_id");
CREATE UNIQUE INDEX "robots_rule_disallowed_rule_id_url_id_4d9b6222_uniq" ON "robots_rule_disallowed" ("rule_id", "url_id");
CREATE INDEX IF NOT EXISTS "robots_rule_disallowed_rule_id_fad7328c" ON "robots_rule_disallowed" ("rule_id");
CREATE INDEX IF NOT EXISTS "robots_rule_disallowed_url_id_8e02db92" ON "robots_rule_disallowed" ("url_id");
CREATE UNIQUE INDEX "robots_rule_allowed_rule_id_url_id_83b262d4_uniq" ON "robots_rule_allowed" ("rule_id", "url_id");
CREATE INDEX IF NOT EXISTS "robots_rule_allowed_rule_id_aa90358c" ON "robots_rule_allowed" ("rule_id");
CREATE INDEX IF NOT EXISTS "robots_rule_allowed_url_id_6157f60a" ON "robots_rule_allowed" ("url_id");
CREATE INDEX IF NOT EXISTS "taggit_taggeditem_object_id_e2d7d1df" ON "taggit_taggeditem" ("object_id");
CREATE INDEX IF NOT EXISTS "taggit_taggeditem_content_type_id_9957a03c" ON "taggit_taggeditem" ("content_type_id");
CREATE INDEX IF NOT EXISTS "taggit_taggeditem_tag_id_f4f5b767" ON "taggit_taggeditem" ("tag_id");
CREATE INDEX IF NOT EXISTS "taggit_tagg_content_8fc721_idx" ON "taggit_taggeditem" ("content_type_id", "object_id");
CREATE INDEX IF NOT EXISTS "blog_comment_post_id_580e96ef" ON "blog_comment" ("post_id");
CREATE INDEX IF NOT EXISTS "blog_blogpost_author_id_ffcc150f" ON "blog_blogpost" ("author_id");
CREATE TABLE IF NOT EXISTS "robots_rule" ("id" integer NOT NULL PRIMARY KEY AUTOINCREMENT, "robot" varchar(255) NOT NULL, "crawl_delay" decimal NULL);
INSERT INTO "robots_rule" VALUES(1,'*',NULL);
CREATE UNIQUE INDEX "auth_group_permissions_group_id_permission_id_0cd325b0_uniq" ON "auth_group_permissions" ("group_id", "permission_id");
CREATE INDEX IF NOT EXISTS "auth_group_permissions_group_id_b120cbf9" ON "auth_group_permissions" ("group_id");
CREATE INDEX IF NOT EXISTS "auth_group_permissions_permission_id_84c5c92e" ON "auth_group_permissions" ("permission_id");
CREATE UNIQUE INDEX "auth_user_groups_user_id_group_id_94350c0c_uniq" ON "auth_user_groups" ("user_id", "group_id");
CREATE INDEX IF NOT EXISTS "auth_user_groups_user_id_6a12ed8b" ON "auth_user_groups" ("user_id");
CREATE INDEX IF NOT EXISTS "auth_user_groups_group_id_97559544" ON "auth_user_groups" ("group_id");
CREATE UNIQUE INDEX "auth_user_user_permissions_user_id_permission_id_14a6b632_uniq" ON "auth_user_user_permissions" ("user_id", "permission_id");
CREATE INDEX IF NOT EXISTS "auth_user_user_permissions_user_id_a95ead1b" ON "auth_user_user_permissions" ("user_id");
CREATE INDEX IF NOT EXISTS "auth_user_user_permissions_permission_id_1fbb5f2c" ON "auth_user_user_permissions" ("permission_id");
CREATE INDEX IF NOT EXISTS "django_admin_log_content_type_id_c4bce8eb" ON "django_admin_log" ("content_type_id");
CREATE INDEX IF NOT EXISTS "django_admin_log_user_id_c564eba6" ON "django_admin_log" ("user_id");
CREATE UNIQUE INDEX "django_content_type_app_label_model_76bd3d3b_uniq" ON "django_content_type" ("app_label", "model");
CREATE UNIQUE INDEX "auth_permission_content_type_id_codename_01ab375a_uniq" ON "auth_permission" ("content_type_id", "codename");
CREATE INDEX IF NOT EXISTS "auth_permission_content_type_id_2f476e4b" ON "auth_permission" ("content_type_id");
CREATE INDEX IF NOT EXISTS "django_session_expire_date_a5c62663" ON "django_session" ("expire_date");
CREATE UNIQUE INDEX "blog_blogpost_category_blogpost_id_category_id_506de749_uniq" ON "blog_blogpost_category" ("blogpost_id", "category_id");
CREATE INDEX IF NOT EXISTS "blog_blogpost_category_blogpost_id_caf5507d" ON "blog_blogpost_category" ("blogpost_id");
CREATE INDEX IF NOT EXISTS "blog_blogpost_category_category_id_eaf33751" ON "blog_blogpost_category" ("category_id");
CREATE UNIQUE INDEX "robots_rule_sites_rule_id_site_id_093f04ea_uniq" ON "robots_rule_sites" ("rule_id", "site_id");
CREATE INDEX IF NOT EXISTS "robots_rule_sites_rule_id_7921a799" ON "robots_rule_sites" ("rule_id");
CREATE INDEX IF NOT EXISTS "robots_rule_sites_site_id_efe5be97" ON "robots_rule_sites" ("site_id");
CREATE UNIQUE INDEX "robots_rule_disallowed_rule_id_url_id_4d9b6222_uniq" ON "robots_rule_disallowed" ("rule_id", "url_id");
CREATE INDEX IF NOT EXISTS "robots_rule_disallowed_rule_id_fad7328c" ON "robots_rule_disallowed" ("rule_id");
CREATE INDEX IF NOT EXISTS "robots_rule_disallowed_url_id_8e02db92" ON "robots_rule_disallowed" ("url_id");
CREATE UNIQUE INDEX "robots_rule_allowed_rule_id_url_id_83b262d4_uniq" ON "robots_rule_allowed" ("rule_id", "url_id");
CREATE INDEX IF NOT EXISTS "robots_rule_allowed_rule_id_aa90358c" ON "robots_rule_allowed" ("rule_id");
CREATE INDEX IF NOT EXISTS "robots_rule_allowed_url_id_6157f60a" ON "robots_rule_allowed" ("url_id");
CREATE INDEX IF NOT EXISTS "taggit_taggeditem_object_id_e2d7d1df" ON "taggit_taggeditem" ("object_id");
CREATE INDEX IF NOT EXISTS "taggit_taggeditem_content_type_id_9957a03c" ON "taggit_taggeditem" ("content_type_id");
CREATE INDEX IF NOT EXISTS "taggit_taggeditem_tag_id_f4f5b767" ON "taggit_taggeditem" ("tag_id");
CREATE INDEX IF NOT EXISTS "taggit_tagg_content_8fc721_idx" ON "taggit_taggeditem" ("content_type_id", "object_id");
CREATE INDEX IF NOT EXISTS "blog_comment_post_id_580e96ef" ON "blog_comment" ("post_id");
CREATE INDEX IF NOT EXISTS "blog_blogpost_author_id_ffcc150f" ON "blog_blogpost" ("author_id");
CREATE TABLE IF NOT EXISTS "robots_rule_allowed" ("id" integer NOT NULL PRIMARY KEY AUTOINCREMENT, "rule_id" integer NOT NULL REFERENCES "robots_rule" ("id") DEFERRABLE INITIALLY DEFERRED, "url_id" integer NOT NULL REFERENCES "robots_url" ("id") DEFERRABLE INITIALLY DEFERRED);
INSERT INTO "robots_rule_allowed" VALUES(1,1,2);
CREATE UNIQUE INDEX "auth_group_permissions_group_id_permission_id_0cd325b0_uniq" ON "auth_group_permissions" ("group_id", "permission_id");
CREATE INDEX IF NOT EXISTS "auth_group_permissions_group_id_b120cbf9" ON "auth_group_permissions" ("group_id");
CREATE INDEX IF NOT EXISTS "auth_group_permissions_permission_id_84c5c92e" ON "auth_group_permissions" ("permission_id");
CREATE UNIQUE INDEX "auth_user_groups_user_id_group_id_94350c0c_uniq" ON "auth_user_groups" ("user_id", "group_id");
CREATE INDEX IF NOT EXISTS "auth_user_groups_user_id_6a12ed8b" ON "auth_user_groups" ("user_id");
CREATE INDEX IF NOT EXISTS "auth_user_groups_group_id_97559544" ON "auth_user_groups" ("group_id");
CREATE UNIQUE INDEX "auth_user_user_permissions_user_id_permission_id_14a6b632_uniq" ON "auth_user_user_permissions" ("user_id", "permission_id");
CREATE INDEX IF NOT EXISTS "auth_user_user_permissions_user_id_a95ead1b" ON "auth_user_user_permissions" ("user_id");
CREATE INDEX IF NOT EXISTS "auth_user_user_permissions_permission_id_1fbb5f2c" ON "auth_user_user_permissions" ("permission_id");
CREATE INDEX IF NOT EXISTS "django_admin_log_content_type_id_c4bce8eb" ON "django_admin_log" ("content_type_id");
CREATE INDEX IF NOT EXISTS "django_admin_log_user_id_c564eba6" ON "django_admin_log" ("user_id");
CREATE UNIQUE INDEX "django_content_type_app_label_model_76bd3d3b_uniq" ON "django_content_type" ("app_label", "model");
CREATE UNIQUE INDEX "auth_permission_content_type_id_codename_01ab375a_uniq" ON "auth_permission" ("content_type_id", "codename");
CREATE INDEX IF NOT EXISTS "auth_permission_content_type_id_2f476e4b" ON "auth_permission" ("content_type_id");
CREATE INDEX IF NOT EXISTS "django_session_expire_date_a5c62663" ON "django_session" ("expire_date");
CREATE UNIQUE INDEX "blog_blogpost_category_blogpost_id_category_id_506de749_uniq" ON "blog_blogpost_category" ("blogpost_id", "category_id");
CREATE INDEX IF NOT EXISTS "blog_blogpost_category_blogpost_id_caf5507d" ON "blog_blogpost_category" ("blogpost_id");
CREATE INDEX IF NOT EXISTS "blog_blogpost_category_category_id_eaf33751" ON "blog_blogpost_category" ("category_id");
CREATE UNIQUE INDEX "robots_rule_sites_rule_id_site_id_093f04ea_uniq" ON "robots_rule_sites" ("rule_id", "site_id");
CREATE INDEX IF NOT EXISTS "robots_rule_sites_rule_id_7921a799" ON "robots_rule_sites" ("rule_id");
CREATE INDEX IF NOT EXISTS "robots_rule_sites_site_id_efe5be97" ON "robots_rule_sites" ("site_id");
CREATE UNIQUE INDEX "robots_rule_disallowed_rule_id_url_id_4d9b6222_uniq" ON "robots_rule_disallowed" ("rule_id", "url_id");
CREATE INDEX IF NOT EXISTS "robots_rule_disallowed_rule_id_fad7328c" ON "robots_rule_disallowed" ("rule_id");
CREATE INDEX IF NOT EXISTS "robots_rule_disallowed_url_id_8e02db92" ON "robots_rule_disallowed" ("url_id");
CREATE UNIQUE INDEX "robots_rule_allowed_rule_id_url_id_83b262d4_uniq" ON "robots_rule_allowed" ("rule_id", "url_id");
CREATE INDEX IF NOT EXISTS "robots_rule_allowed_rule_id_aa90358c" ON "robots_rule_allowed" ("rule_id");
CREATE INDEX IF NOT EXISTS "robots_rule_allowed_url_id_6157f60a" ON "robots_rule_allowed" ("url_id");
CREATE INDEX IF NOT EXISTS "taggit_taggeditem_object_id_e2d7d1df" ON "taggit_taggeditem" ("object_id");
CREATE INDEX IF NOT EXISTS "taggit_taggeditem_content_type_id_9957a03c" ON "taggit_taggeditem" ("content_type_id");
CREATE INDEX IF NOT EXISTS "taggit_taggeditem_tag_id_f4f5b767" ON "taggit_taggeditem" ("tag_id");
CREATE INDEX IF NOT EXISTS "taggit_tagg_content_8fc721_idx" ON "taggit_taggeditem" ("content_type_id", "object_id");
CREATE INDEX IF NOT EXISTS "blog_comment_post_id_580e96ef" ON "blog_comment" ("post_id");
CREATE INDEX IF NOT EXISTS "blog_blogpost_author_id_ffcc150f" ON "blog_blogpost" ("author_id");
CREATE TABLE IF NOT EXISTS "robots_rule_disallowed" ("id" integer NOT NULL PRIMARY KEY AUTOINCREMENT, "rule_id" integer NOT NULL REFERENCES "robots_rule" ("id") DEFERRABLE INITIALLY DEFERRED, "url_id" integer NOT NULL REFERENCES "robots_url" ("id") DEFERRABLE INITIALLY DEFERRED);
INSERT INTO "robots_rule_disallowed" VALUES(1,1,3);
CREATE UNIQUE INDEX "auth_group_permissions_group_id_permission_id_0cd325b0_uniq" ON "auth_group_permissions" ("group_id", "permission_id");
CREATE INDEX IF NOT EXISTS "auth_group_permissions_group_id_b120cbf9" ON "auth_group_permissions" ("group_id");
CREATE INDEX IF NOT EXISTS "auth_group_permissions_permission_id_84c5c92e" ON "auth_group_permissions" ("permission_id");
CREATE UNIQUE INDEX "auth_user_groups_user_id_group_id_94350c0c_uniq" ON "auth_user_groups" ("user_id", "group_id");
CREATE INDEX IF NOT EXISTS "auth_user_groups_user_id_6a12ed8b" ON "auth_user_groups" ("user_id");
CREATE INDEX IF NOT EXISTS "auth_user_groups_group_id_97559544" ON "auth_user_groups" ("group_id");
CREATE UNIQUE INDEX "auth_user_user_permissions_user_id_permission_id_14a6b632_uniq" ON "auth_user_user_permissions" ("user_id", "permission_id");
CREATE INDEX IF NOT EXISTS "auth_user_user_permissions_user_id_a95ead1b" ON "auth_user_user_permissions" ("user_id");
CREATE INDEX IF NOT EXISTS "auth_user_user_permissions_permission_id_1fbb5f2c" ON "auth_user_user_permissions" ("permission_id");
CREATE INDEX IF NOT EXISTS "django_admin_log_content_type_id_c4bce8eb" ON "django_admin_log" ("content_type_id");
CREATE INDEX IF NOT EXISTS "django_admin_log_user_id_c564eba6" ON "django_admin_log" ("user_id");
CREATE UNIQUE INDEX "django_content_type_app_label_model_76bd3d3b_uniq" ON "django_content_type" ("app_label", "model");
CREATE UNIQUE INDEX "auth_permission_content_type_id_codename_01ab375a_uniq" ON "auth_permission" ("content_type_id", "codename");
CREATE INDEX IF NOT EXISTS "auth_permission_content_type_id_2f476e4b" ON "auth_permission" ("content_type_id");
CREATE INDEX IF NOT EXISTS "django_session_expire_date_a5c62663" ON "django_session" ("expire_date");
CREATE UNIQUE INDEX "blog_blogpost_category_blogpost_id_category_id_506de749_uniq" ON "blog_blogpost_category" ("blogpost_id", "category_id");
CREATE INDEX IF NOT EXISTS "blog_blogpost_category_blogpost_id_caf5507d" ON "blog_blogpost_category" ("blogpost_id");
CREATE INDEX IF NOT EXISTS "blog_blogpost_category_category_id_eaf33751" ON "blog_blogpost_category" ("category_id");
CREATE UNIQUE INDEX "robots_rule_sites_rule_id_site_id_093f04ea_uniq" ON "robots_rule_sites" ("rule_id", "site_id");
CREATE INDEX IF NOT EXISTS "robots_rule_sites_rule_id_7921a799" ON "robots_rule_sites" ("rule_id");
CREATE INDEX IF NOT EXISTS "robots_rule_sites_site_id_efe5be97" ON "robots_rule_sites" ("site_id");
CREATE UNIQUE INDEX "robots_rule_disallowed_rule_id_url_id_4d9b6222_uniq" ON "robots_rule_disallowed" ("rule_id", "url_id");
CREATE INDEX IF NOT EXISTS "robots_rule_disallowed_rule_id_fad7328c" ON "robots_rule_disallowed" ("rule_id");
CREATE INDEX IF NOT EXISTS "robots_rule_disallowed_url_id_8e02db92" ON "robots_rule_disallowed" ("url_id");
CREATE UNIQUE INDEX "robots_rule_allowed_rule_id_url_id_83b262d4_uniq" ON "robots_rule_allowed" ("rule_id", "url_id");
CREATE INDEX IF NOT EXISTS "robots_rule_allowed_rule_id_aa90358c" ON "robots_rule_allowed" ("rule_id");
CREATE INDEX IF NOT EXISTS "robots_rule_allowed_url_id_6157f60a" ON "robots_rule_allowed" ("url_id");
CREATE INDEX IF NOT EXISTS "taggit_taggeditem_object_id_e2d7d1df" ON "taggit_taggeditem" ("object_id");
CREATE INDEX IF NOT EXISTS "taggit_taggeditem_content_type_id_9957a03c" ON "taggit_taggeditem" ("content_type_id");
CREATE INDEX IF NOT EXISTS "taggit_taggeditem_tag_id_f4f5b767" ON "taggit_taggeditem" ("tag_id");
CREATE INDEX IF NOT EXISTS "taggit_tagg_content_8fc721_idx" ON "taggit_taggeditem" ("content_type_id", "object_id");
CREATE INDEX IF NOT EXISTS "blog_comment_post_id_580e96ef" ON "blog_comment" ("post_id");
CREATE INDEX IF NOT EXISTS "blog_blogpost_author_id_ffcc150f" ON "blog_blogpost" ("author_id");
CREATE TABLE IF NOT EXISTS "robots_rule_sites" ("id" integer NOT NULL PRIMARY KEY AUTOINCREMENT, "rule_id" integer NOT NULL REFERENCES "robots_rule" ("id") DEFERRABLE INITIALLY DEFERRED, "site_id" integer NOT NULL REFERENCES "django_site" ("id") DEFERRABLE INITIALLY DEFERRED);
INSERT INTO "robots_rule_sites" VALUES(1,1,2);
CREATE UNIQUE INDEX "auth_group_permissions_group_id_permission_id_0cd325b0_uniq" ON "auth_group_permissions" ("group_id", "permission_id");
CREATE INDEX IF NOT EXISTS "auth_group_permissions_group_id_b120cbf9" ON "auth_group_permissions" ("group_id");
CREATE INDEX IF NOT EXISTS "auth_group_permissions_permission_id_84c5c92e" ON "auth_group_permissions" ("permission_id");
CREATE UNIQUE INDEX "auth_user_groups_user_id_group_id_94350c0c_uniq" ON "auth_user_groups" ("user_id", "group_id");
CREATE INDEX IF NOT EXISTS "auth_user_groups_user_id_6a12ed8b" ON "auth_user_groups" ("user_id");
CREATE INDEX IF NOT EXISTS "auth_user_groups_group_id_97559544" ON "auth_user_groups" ("group_id");
CREATE UNIQUE INDEX "auth_user_user_permissions_user_id_permission_id_14a6b632_uniq" ON "auth_user_user_permissions" ("user_id", "permission_id");
CREATE INDEX IF NOT EXISTS "auth_user_user_permissions_user_id_a95ead1b" ON "auth_user_user_permissions" ("user_id");
CREATE INDEX IF NOT EXISTS "auth_user_user_permissions_permission_id_1fbb5f2c" ON "auth_user_user_permissions" ("permission_id");
CREATE INDEX IF NOT EXISTS "django_admin_log_content_type_id_c4bce8eb" ON "django_admin_log" ("content_type_id");
CREATE INDEX IF NOT EXISTS "django_admin_log_user_id_c564eba6" ON "django_admin_log" ("user_id");
CREATE UNIQUE INDEX "django_content_type_app_label_model_76bd3d3b_uniq" ON "django_content_type" ("app_label", "model");
CREATE UNIQUE INDEX "auth_permission_content_type_id_codename_01ab375a_uniq" ON "auth_permission" ("content_type_id", "codename");
CREATE INDEX IF NOT EXISTS "auth_permission_content_type_id_2f476e4b" ON "auth_permission" ("content_type_id");
CREATE INDEX IF NOT EXISTS "django_session_expire_date_a5c62663" ON "django_session" ("expire_date");
CREATE UNIQUE INDEX "blog_blogpost_category_blogpost_id_category_id_506de749_uniq" ON "blog_blogpost_category" ("blogpost_id", "category_id");
CREATE INDEX IF NOT EXISTS "blog_blogpost_category_blogpost_id_caf5507d" ON "blog_blogpost_category" ("blogpost_id");
CREATE INDEX IF NOT EXISTS "blog_blogpost_category_category_id_eaf33751" ON "blog_blogpost_category" ("category_id");
CREATE UNIQUE INDEX "robots_rule_sites_rule_id_site_id_093f04ea_uniq" ON "robots_rule_sites" ("rule_id", "site_id");
CREATE INDEX IF NOT EXISTS "robots_rule_sites_rule_id_7921a799" ON "robots_rule_sites" ("rule_id");
CREATE INDEX IF NOT EXISTS "robots_rule_sites_site_id_efe5be97" ON "robots_rule_sites" ("site_id");
CREATE UNIQUE INDEX "robots_rule_disallowed_rule_id_url_id_4d9b6222_uniq" ON "robots_rule_disallowed" ("rule_id", "url_id");
CREATE INDEX IF NOT EXISTS "robots_rule_disallowed_rule_id_fad7328c" ON "robots_rule_disallowed" ("rule_id");
CREATE INDEX IF NOT EXISTS "robots_rule_disallowed_url_id_8e02db92" ON "robots_rule_disallowed" ("url_id");
CREATE UNIQUE INDEX "robots_rule_allowed_rule_id_url_id_83b262d4_uniq" ON "robots_rule_allowed" ("rule_id", "url_id");
CREATE INDEX IF NOT EXISTS "robots_rule_allowed_rule_id_aa90358c" ON "robots_rule_allowed" ("rule_id");
CREATE INDEX IF NOT EXISTS "robots_rule_allowed_url_id_6157f60a" ON "robots_rule_allowed" ("url_id");
CREATE INDEX IF NOT EXISTS "taggit_taggeditem_object_id_e2d7d1df" ON "taggit_taggeditem" ("object_id");
CREATE INDEX IF NOT EXISTS "taggit_taggeditem_content_type_id_9957a03c" ON "taggit_taggeditem" ("content_type_id");
CREATE INDEX IF NOT EXISTS "taggit_taggeditem_tag_id_f4f5b767" ON "taggit_taggeditem" ("tag_id");
CREATE INDEX IF NOT EXISTS "taggit_tagg_content_8fc721_idx" ON "taggit_taggeditem" ("content_type_id", "object_id");
CREATE INDEX IF NOT EXISTS "blog_comment_post_id_580e96ef" ON "blog_comment" ("post_id");
CREATE INDEX IF NOT EXISTS "blog_blogpost_author_id_ffcc150f" ON "blog_blogpost" ("author_id");
CREATE TABLE IF NOT EXISTS "robots_url" ("id" integer NOT NULL PRIMARY KEY AUTOINCREMENT, "pattern" varchar(255) NOT NULL);
INSERT INTO "robots_url" VALUES(1,'/*');
INSERT INTO "robots_url" VALUES(2,'/*');
INSERT INTO "robots_url" VALUES(3,'/admin');
CREATE UNIQUE INDEX "auth_group_permissions_group_id_permission_id_0cd325b0_uniq" ON "auth_group_permissions" ("group_id", "permission_id");
CREATE INDEX IF NOT EXISTS "auth_group_permissions_group_id_b120cbf9" ON "auth_group_permissions" ("group_id");
CREATE INDEX IF NOT EXISTS "auth_group_permissions_permission_id_84c5c92e" ON "auth_group_permissions" ("permission_id");
CREATE UNIQUE INDEX "auth_user_groups_user_id_group_id_94350c0c_uniq" ON "auth_user_groups" ("user_id", "group_id");
CREATE INDEX IF NOT EXISTS "auth_user_groups_user_id_6a12ed8b" ON "auth_user_groups" ("user_id");
CREATE INDEX IF NOT EXISTS "auth_user_groups_group_id_97559544" ON "auth_user_groups" ("group_id");
CREATE UNIQUE INDEX "auth_user_user_permissions_user_id_permission_id_14a6b632_uniq" ON "auth_user_user_permissions" ("user_id", "permission_id");
CREATE INDEX IF NOT EXISTS "auth_user_user_permissions_user_id_a95ead1b" ON "auth_user_user_permissions" ("user_id");
CREATE INDEX IF NOT EXISTS "auth_user_user_permissions_permission_id_1fbb5f2c" ON "auth_user_user_permissions" ("permission_id");
CREATE INDEX IF NOT EXISTS "django_admin_log_content_type_id_c4bce8eb" ON "django_admin_log" ("content_type_id");
CREATE INDEX IF NOT EXISTS "django_admin_log_user_id_c564eba6" ON "django_admin_log" ("user_id");
CREATE UNIQUE INDEX "django_content_type_app_label_model_76bd3d3b_uniq" ON "django_content_type" ("app_label", "model");
CREATE UNIQUE INDEX "auth_permission_content_type_id_codename_01ab375a_uniq" ON "auth_permission" ("content_type_id", "codename");
CREATE INDEX IF NOT EXISTS "auth_permission_content_type_id_2f476e4b" ON "auth_permission" ("content_type_id");
CREATE INDEX IF NOT EXISTS "django_session_expire_date_a5c62663" ON "django_session" ("expire_date");
CREATE UNIQUE INDEX "blog_blogpost_category_blogpost_id_category_id_506de749_uniq" ON "blog_blogpost_category" ("blogpost_id", "category_id");
CREATE INDEX IF NOT EXISTS "blog_blogpost_category_blogpost_id_caf5507d" ON "blog_blogpost_category" ("blogpost_id");
CREATE INDEX IF NOT EXISTS "blog_blogpost_category_category_id_eaf33751" ON "blog_blogpost_category" ("category_id");
CREATE UNIQUE INDEX "robots_rule_sites_rule_id_site_id_093f04ea_uniq" ON "robots_rule_sites" ("rule_id", "site_id");
CREATE INDEX IF NOT EXISTS "robots_rule_sites_rule_id_7921a799" ON "robots_rule_sites" ("rule_id");
CREATE INDEX IF NOT EXISTS "robots_rule_sites_site_id_efe5be97" ON "robots_rule_sites" ("site_id");
CREATE UNIQUE INDEX "robots_rule_disallowed_rule_id_url_id_4d9b6222_uniq" ON "robots_rule_disallowed" ("rule_id", "url_id");
CREATE INDEX IF NOT EXISTS "robots_rule_disallowed_rule_id_fad7328c" ON "robots_rule_disallowed" ("rule_id");
CREATE INDEX IF NOT EXISTS "robots_rule_disallowed_url_id_8e02db92" ON "robots_rule_disallowed" ("url_id");
CREATE UNIQUE INDEX "robots_rule_allowed_rule_id_url_id_83b262d4_uniq" ON "robots_rule_allowed" ("rule_id", "url_id");
CREATE INDEX IF NOT EXISTS "robots_rule_allowed_rule_id_aa90358c" ON "robots_rule_allowed" ("rule_id");
CREATE INDEX IF NOT EXISTS "robots_rule_allowed_url_id_6157f60a" ON "robots_rule_allowed" ("url_id");
CREATE INDEX IF NOT EXISTS "taggit_taggeditem_object_id_e2d7d1df" ON "taggit_taggeditem" ("object_id");
CREATE INDEX IF NOT EXISTS "taggit_taggeditem_content_type_id_9957a03c" ON "taggit_taggeditem" ("content_type_id");
CREATE INDEX IF NOT EXISTS "taggit_taggeditem_tag_id_f4f5b767" ON "taggit_taggeditem" ("tag_id");
CREATE INDEX IF NOT EXISTS "taggit_tagg_content_8fc721_idx" ON "taggit_taggeditem" ("content_type_id", "object_id");
CREATE INDEX IF NOT EXISTS "blog_comment_post_id_580e96ef" ON "blog_comment" ("post_id");
CREATE INDEX IF NOT EXISTS "blog_blogpost_author_id_ffcc150f" ON "blog_blogpost" ("author_id");
CREATE TABLE IF NOT EXISTS "taggit_tag" ("id" integer NOT NULL PRIMARY KEY AUTOINCREMENT, "name" varchar(100) NOT NULL UNIQUE, "slug" varchar(100) NOT NULL UNIQUE);
INSERT INTO "taggit_tag" VALUES(1,'test','test');
INSERT INTO "taggit_tag" VALUES(2,'ai','ai');
INSERT INTO "taggit_tag" VALUES(3,'test.ai','testai');
CREATE UNIQUE INDEX "auth_group_permissions_group_id_permission_id_0cd325b0_uniq" ON "auth_group_permissions" ("group_id", "permission_id");
CREATE INDEX IF NOT EXISTS "auth_group_permissions_group_id_b120cbf9" ON "auth_group_permissions" ("group_id");
CREATE INDEX IF NOT EXISTS "auth_group_permissions_permission_id_84c5c92e" ON "auth_group_permissions" ("permission_id");
CREATE UNIQUE INDEX "auth_user_groups_user_id_group_id_94350c0c_uniq" ON "auth_user_groups" ("user_id", "group_id");
CREATE INDEX IF NOT EXISTS "auth_user_groups_user_id_6a12ed8b" ON "auth_user_groups" ("user_id");
CREATE INDEX IF NOT EXISTS "auth_user_groups_group_id_97559544" ON "auth_user_groups" ("group_id");
CREATE UNIQUE INDEX "auth_user_user_permissions_user_id_permission_id_14a6b632_uniq" ON "auth_user_user_permissions" ("user_id", "permission_id");
CREATE INDEX IF NOT EXISTS "auth_user_user_permissions_user_id_a95ead1b" ON "auth_user_user_permissions" ("user_id");
CREATE INDEX IF NOT EXISTS "auth_user_user_permissions_permission_id_1fbb5f2c" ON "auth_user_user_permissions" ("permission_id");
CREATE INDEX IF NOT EXISTS "django_admin_log_content_type_id_c4bce8eb" ON "django_admin_log" ("content_type_id");
CREATE INDEX IF NOT EXISTS "django_admin_log_user_id_c564eba6" ON "django_admin_log" ("user_id");
CREATE UNIQUE INDEX "django_content_type_app_label_model_76bd3d3b_uniq" ON "django_content_type" ("app_label", "model");
CREATE UNIQUE INDEX "auth_permission_content_type_id_codename_01ab375a_uniq" ON "auth_permission" ("content_type_id", "codename");
CREATE INDEX IF NOT EXISTS "auth_permission_content_type_id_2f476e4b" ON "auth_permission" ("content_type_id");
CREATE INDEX IF NOT EXISTS "django_session_expire_date_a5c62663" ON "django_session" ("expire_date");
CREATE UNIQUE INDEX "blog_blogpost_category_blogpost_id_category_id_506de749_uniq" ON "blog_blogpost_category" ("blogpost_id", "category_id");
CREATE INDEX IF NOT EXISTS "blog_blogpost_category_blogpost_id_caf5507d" ON "blog_blogpost_category" ("blogpost_id");
CREATE INDEX IF NOT EXISTS "blog_blogpost_category_category_id_eaf33751" ON "blog_blogpost_category" ("category_id");
CREATE UNIQUE INDEX "robots_rule_sites_rule_id_site_id_093f04ea_uniq" ON "robots_rule_sites" ("rule_id", "site_id");
CREATE INDEX IF NOT EXISTS "robots_rule_sites_rule_id_7921a799" ON "robots_rule_sites" ("rule_id");
CREATE INDEX IF NOT EXISTS "robots_rule_sites_site_id_efe5be97" ON "robots_rule_sites" ("site_id");
CREATE UNIQUE INDEX "robots_rule_disallowed_rule_id_url_id_4d9b6222_uniq" ON "robots_rule_disallowed" ("rule_id", "url_id");
CREATE INDEX IF NOT EXISTS "robots_rule_disallowed_rule_id_fad7328c" ON "robots_rule_disallowed" ("rule_id");
CREATE INDEX IF NOT EXISTS "robots_rule_disallowed_url_id_8e02db92" ON "robots_rule_disallowed" ("url_id");
CREATE UNIQUE INDEX "robots_rule_allowed_rule_id_url_id_83b262d4_uniq" ON "robots_rule_allowed" ("rule_id", "url_id");
CREATE INDEX IF NOT EXISTS "robots_rule_allowed_rule_id_aa90358c" ON "robots_rule_allowed" ("rule_id");
CREATE INDEX IF NOT EXISTS "robots_rule_allowed_url_id_6157f60a" ON "robots_rule_allowed" ("url_id");
CREATE INDEX IF NOT EXISTS "taggit_taggeditem_object_id_e2d7d1df" ON "taggit_taggeditem" ("object_id");
CREATE INDEX IF NOT EXISTS "taggit_taggeditem_content_type_id_9957a03c" ON "taggit_taggeditem" ("content_type_id");
CREATE INDEX IF NOT EXISTS "taggit_taggeditem_tag_id_f4f5b767" ON "taggit_taggeditem" ("tag_id");
CREATE INDEX IF NOT EXISTS "taggit_tagg_content_8fc721_idx" ON "taggit_taggeditem" ("content_type_id", "object_id");
CREATE INDEX IF NOT EXISTS "blog_comment_post_id_580e96ef" ON "blog_comment" ("post_id");
CREATE INDEX IF NOT EXISTS "blog_blogpost_author_id_ffcc150f" ON "blog_blogpost" ("author_id");
CREATE TABLE IF NOT EXISTS "taggit_taggeditem" ("id" integer NOT NULL PRIMARY KEY AUTOINCREMENT, "object_id" integer NOT NULL, "content_type_id" integer NOT NULL REFERENCES "django_content_type" ("id") DEFERRABLE INITIALLY DEFERRED, "tag_id" integer NOT NULL REFERENCES "taggit_tag" ("id") DEFERRABLE INITIALLY DEFERRED, CONSTRAINT "taggit_taggeditem_content_type_id_object_id_tag_id_4bb97a8e_uniq" UNIQUE ("content_type_id", "object_id", "tag_id"));
INSERT INTO "taggit_taggeditem" VALUES(1,7,9,1);
INSERT INTO "taggit_taggeditem" VALUES(2,4,9,2);
INSERT INTO "taggit_taggeditem" VALUES(3,1,9,3);
CREATE UNIQUE INDEX "auth_group_permissions_group_id_permission_id_0cd325b0_uniq" ON "auth_group_permissions" ("group_id", "permission_id");
CREATE INDEX IF NOT EXISTS "auth_group_permissions_group_id_b120cbf9" ON "auth_group_permissions" ("group_id");
CREATE INDEX IF NOT EXISTS "auth_group_permissions_permission_id_84c5c92e" ON "auth_group_permissions" ("permission_id");
CREATE UNIQUE INDEX "auth_user_groups_user_id_group_id_94350c0c_uniq" ON "auth_user_groups" ("user_id", "group_id");
CREATE INDEX IF NOT EXISTS "auth_user_groups_user_id_6a12ed8b" ON "auth_user_groups" ("user_id");
CREATE INDEX IF NOT EXISTS "auth_user_groups_group_id_97559544" ON "auth_user_groups" ("group_id");
CREATE UNIQUE INDEX "auth_user_user_permissions_user_id_permission_id_14a6b632_uniq" ON "auth_user_user_permissions" ("user_id", "permission_id");
CREATE INDEX IF NOT EXISTS "auth_user_user_permissions_user_id_a95ead1b" ON "auth_user_user_permissions" ("user_id");
CREATE INDEX IF NOT EXISTS "auth_user_user_permissions_permission_id_1fbb5f2c" ON "auth_user_user_permissions" ("permission_id");
CREATE INDEX IF NOT EXISTS "django_admin_log_content_type_id_c4bce8eb" ON "django_admin_log" ("content_type_id");
CREATE INDEX IF NOT EXISTS "django_admin_log_user_id_c564eba6" ON "django_admin_log" ("user_id");
CREATE UNIQUE INDEX "django_content_type_app_label_model_76bd3d3b_uniq" ON "django_content_type" ("app_label", "model");
CREATE UNIQUE INDEX "auth_permission_content_type_id_codename_01ab375a_uniq" ON "auth_permission" ("content_type_id", "codename");
CREATE INDEX IF NOT EXISTS "auth_permission_content_type_id_2f476e4b" ON "auth_permission" ("content_type_id");
CREATE INDEX IF NOT EXISTS "django_session_expire_date_a5c62663" ON "django_session" ("expire_date");
CREATE UNIQUE INDEX "blog_blogpost_category_blogpost_id_category_id_506de749_uniq" ON "blog_blogpost_category" ("blogpost_id", "category_id");
CREATE INDEX IF NOT EXISTS "blog_blogpost_category_blogpost_id_caf5507d" ON "blog_blogpost_category" ("blogpost_id");
CREATE INDEX IF NOT EXISTS "blog_blogpost_category_category_id_eaf33751" ON "blog_blogpost_category" ("category_id");
CREATE UNIQUE INDEX "robots_rule_sites_rule_id_site_id_093f04ea_uniq" ON "robots_rule_sites" ("rule_id", "site_id");
CREATE INDEX IF NOT EXISTS "robots_rule_sites_rule_id_7921a799" ON "robots_rule_sites" ("rule_id");
CREATE INDEX IF NOT EXISTS "robots_rule_sites_site_id_efe5be97" ON "robots_rule_sites" ("site_id");
CREATE UNIQUE INDEX "robots_rule_disallowed_rule_id_url_id_4d9b6222_uniq" ON "robots_rule_disallowed" ("rule_id", "url_id");
CREATE INDEX IF NOT EXISTS "robots_rule_disallowed_rule_id_fad7328c" ON "robots_rule_disallowed" ("rule_id");
CREATE INDEX IF NOT EXISTS "robots_rule_disallowed_url_id_8e02db92" ON "robots_rule_disallowed" ("url_id");
CREATE UNIQUE INDEX "robots_rule_allowed_rule_id_url_id_83b262d4_uniq" ON "robots_rule_allowed" ("rule_id", "url_id");
CREATE INDEX IF NOT EXISTS "robots_rule_allowed_rule_id_aa90358c" ON "robots_rule_allowed" ("rule_id");
CREATE INDEX IF NOT EXISTS "robots_rule_allowed_url_id_6157f60a" ON "robots_rule_allowed" ("url_id");
CREATE INDEX IF NOT EXISTS "taggit_taggeditem_object_id_e2d7d1df" ON "taggit_taggeditem" ("object_id");
CREATE INDEX IF NOT EXISTS "taggit_taggeditem_content_type_id_9957a03c" ON "taggit_taggeditem" ("content_type_id");
CREATE INDEX IF NOT EXISTS "taggit_taggeditem_tag_id_f4f5b767" ON "taggit_taggeditem" ("tag_id");
CREATE INDEX IF NOT EXISTS "taggit_tagg_content_8fc721_idx" ON "taggit_taggeditem" ("content_type_id", "object_id");
CREATE INDEX IF NOT EXISTS "blog_comment_post_id_580e96ef" ON "blog_comment" ("post_id");
CREATE INDEX IF NOT EXISTS "blog_blogpost_author_id_ffcc150f" ON "blog_blogpost" ("author_id");
